0686УНА,ISUZU Wizard,1999
8375УНГ,TOYOTA Crown,2008
8386УНА,TOYOTA Corolla RunX,2003
4141УНО,TOYOTA Verossa,2002
0163УНА,TOYOTA 4Runner,1999
1374УНО,NISSAN Pulsar,2000
3611УНА,MERCEDES BENZ 200,1997
8079УНГ,TOYOTA Prius,2005
6257УНО,UAZ 39094,2011
4134УНГ,HYUNDAI Porter,2000
3257УНН,HYUNDAI Accent Verna,2001
8620УНН,HONDA Capa,1999
8696УНА,NISSAN Serena,2002
4887УНН,TOYOTA Prius,2011
7383УНН,TOYOTA Prius,2012
7543УНО,NISSAN Patrol,2011
3067УНО,TOYOTA Land Cruiser 100,2001
8688УНО,TOYOTA Mark II,2000
3130УНА,TOYOTA Crown,2002
3124УНА,TOYOTA corolla-Rumion,2008
6982УНО,TOYOTA Prius,2011
0402УНГ,HYUNDAI Porter,2006
6169УНГ,TOYOTA Vitz,2002
1397УНГ,TOYOTA Prius,2004
9228УНН,TOYOTA Prius,2004
4951УНА,TOYOTA Prius,2010
9849УНА,HYUNDAI Starex,2006
7642УНО,DAEWOO MD45D1,1997
3899УНА,TOYOTA Alphard,2004
4443УНН,TOYOTA Corolla,2001
3994УНГ,HYUNDAI Accent Verna,2002
5533УНО,TOYOTA Harrier,2001
1173УНГ,MITSUBISHI RVR,1990
2356УНН,ASTON MARTIN RAPIDE-S,2014
7894УНА,TOYOTA Prius,2001
7862УНО,TOYOTA Prius,2007
1547УНГ,NISSAN JUKE,2010
4795УНО,HYUNDAI Grace,2003
3096УНО,TOYOTA Alphard,2006
5317УНГ,DAEWOO BS106,2008
3204УНН,TOYOTA Crown,2008
8248УНН,TOYOTA Harrier,2001
4989УНО,TOYOTA Corolla,2001
2023УНН,TOYOTA Land Cruiser 80,1994
9906УНО,TOYOTA Carina,2000
9868УНА,BEIBEN ND5313,2013
6656УНН,TOYOTA Allex,2004
8878УНО,TOYOTA Verossa,2002
5718УНО,TOYOTA Avensis,2004
2236УНГ,TOYOTA Harrier,2003
5681УНН,HYUNDAI Accent Verna,2001
3510УНО,HYUNDAI Porter,1998
1545УНГ,HYUNDAI Aerospace,2001
7446УНО,TOYOTA Land Cruiser 200,2010
1868УНГ,TOYOTA Prius,2003
2143УНА,HYUNDAI Porter,1995
1070УНО,MITSUBISHI PAJERO,2004
8577УНО,LEXUS LX470,2004
3814УНГ,TOYOTA Prius,2005
4068УНА,HYUNDAI Starex,2009
1369УНО,TOYOTA Prius,2003
7112УНН,HUANGHAI DD6111,2010
2826УНО,TOYOTA Mark II,2002
5253УНА,HINO FS3FLKD,1997
6911УНН,ISUZU BIGHORN,1994
4828УНГ,TOYOTA Land Cruiser 100,2000
9770УНН,HYUNDAI Grace,2000
0194УНА,TOYOTA Prius,2002
0621УНО,BEIBEN ND4251,2010
9630УНН,HYUNDAI Accent Verna,2002
2853УНГ,TOYOTA Land Cruiser 200,2013
9914УНН,TOYOTA Prius,2004
8094УНА,TOYOTA Prius,2006
2778УНО,TOYOTA Prius,2000
9278УНГ,TOYOTA ESTIMA,2001
3038УНГ,TOYOTA Prius,2010
3655УНО,TOYOTA Prius,2007
6662УНА,TOYOTA Prius,2007
8187УНА,TOYOTA Corolla,2001
9707УНО,TOYOTA LiteAce,1997
8234УНА,MERCEDES BENZ ML350,2005
9947УНГ,TOYOTA Prius,2002
0320УНО,TOYOTA Mark II,2002
9082УНН,HYUNDAI Porter,1997
6135УНА,TOYOTA Prius,2000
4395УНО,TOYOTA Harrier,2007
7508УНО,TOYOTA Prius,2008
8481УНГ,TOYOTA Carina,1997
0187УНО,TOYOTA Corolla Axio,2008
4018УНА,TOYOTA Prius,2004
5902УНН,KIA Bongo3,2005
0833УНО,TOYOTA TownAce,1997
2464УНА,TOYOTA Prius,2005
0340УНА,TOYOTA Crown,2006
7293УНО,HYUNDAI Porter,2000
2905УНА,TOYOTA Prius,2010
0953УНН,TOYOTA Prius,2003
0173УНГ,TOYOTA Prius,2007
2327УНН,NISSAN PRESEA,1993
0258УНН,HOWO ZZ1257,2007
8731УНО,TOYOTA Prius,1998
8637УНН,NISSAN Micra,1993
9915УНО,TOYOTA AQUA,2012
8359УНА,HONDA HR-V,2003
5388УНО,NORTHBENZ ND1314,2011
3915УНО,CHRYSLER PTCRUISER,2010
1397УНА,TOYOTA Prius,2006
8727УНН,KIA Sportage,1994
6565УНГ,TOYOTA Land Cruiser 200,2008
2022УНА,MERCEDES BENZ ML350,2006
4779УНН,KIA Trade,1997
5703УНГ,TOYOTA Allion,2003
6855УНА,TOYOTA Chaser,1999
2621УНГ,TOYOTA Hilux,1990
6182УНГ,TOYOTA Prius,2004
5499УНА,TOYOTA Corolla,2003
1887УНГ,TOYOTA Highlander,2006
7555УНГ,HYUNDAI Tucson,2012
9000УНГ,BENTLEY FLYING-SPUR,2006
9086УНН,SUBARU Forester,2003
4662УНО,TOYOTA Carina,2000
3057УНН,HYUNDAI Excel,1991
8824УНО,HONDA FIT,2004
3205УНН,TOYOTA Land Cruiser 80,1992
8016УНН,TOYOTA BB,2001
0933УНА,KIA Bongo,2004
7840УНО,VOLVO FH440,2007
8336УНО,KIA FRONTIER,2004
5683УНГ,SINOTRUK ZZ3257,2013
3708УНО,SUZUKI SX4,2008
0169УНН,TOYOTA Prius,2012
9999УНН,ROLLSROYCE WRAITH,2014
0399УНН,KIA OPIRUS,2007
1454УНО,TOYOTA Corolla,2004
6458УНА,TOYOTA corolla-Rumion,2011
7405УНА,KIA FRONTIER,2000
2401УНО,NISSAN WINGROAD,2006
0250УНА,TOYOTA Prius,2006
6997УНА,SUBARU Forester,2003
3062УНГ,HYUNDAI Sonata 3,1994
4471УНН,TOYOTA Prius,2006
0572УНО,HYUNDAI Porter,2002
8267УНА,TOYOTA Prius,2010
6716УНА,SINOTRUK ZZ3257,2013
1274УНА,TOYOTA Prius,2000
7531УНО,MITSUBISHI CANTER,1997
9420УНГ,TOYOTA Crown,2001
8052УНГ,HYUNDAI Sonata6,2008
4701УНН,ISUZU CXZ81K,2001
3826УНН,TOYOTA Corolla,2001
8610УНГ,SUBARU IMPREZA,2006
6967УНО,BMW X5,2001
4375УНГ,TOYOTA Carina,2001
3747УНА,HONDA INSIGHT,2009
3827УНГ,UAZ 31512,1998
6619УНО,KRAZ 257,1992
8300УНО,TOYOTA Corolla,2005
0166УНА,MAZDA Demio,2003
0403УНО,TOYOTA Ist,2002
6163УНГ,HONDA FIT,2004
4944УНН,TOYOTA Crown,2002
2819УНГ,TOYOTA Prius,2006
5612УНГ,TOYOTA Corolla,2004
8773УНА,SUBARU IMPREZA,2007
2447УНО,KIA BONGOFRONTIER,2002
0151УНО,NISSAN WINGROAD,2002
1933УНО,HYUNDAI Aero city 540,2003
1515УНГ,MERCEDES BENZ E240,2003
7474УНО,NISSAN Patrol,2001
3224УНН,NISSAN QASHQAI,2017
3620УНН,TOYOTA Mark II,2002
4011УНО,LEXUS LX470,2001
4846УНН,HYUNDAI Accent Verna,2001
9840УНО,TOYOTA Allion,2002
7177УНН,MITSUBISHI DELICA,1997
6654УНА,TOYOTA Harrier,2007
4794УНО,KIA BONGOFRONTIER,2005
6089УНА,TOYOTA Prius,2003
6486УНН,KIA Bongo,1995
1377УНН,TOYOTA Prius,2005
1230УНА,VOLKSWAGEN TIGUAN,2011
4258УНА,TOYOTA Prius,2008
6537УНГ,NISSAN Tiida,2006
8755УНГ,HYUNDAI Accent Verna,1999
1907УНА,KAMA KMC1080,2011
7135УНН,TOYOTA Vitz,2001
1790УНО,KIA FRONTIER,1997
3829УНО,TOYOTA Ipsum,2002
2154УНГ,HYUNDAI Mighty,1996
6626УНА,TOYOTA Land Cruiser 100,2000
9758УНО,MAZDA Titan,1996
7638УНН,ZOOMLION ZLJ5300,2010
8217УНГ,TOYOTA Prius,2001
8693УНН,TOYOTA Vitz,2001
1099УНО,TOYOTA Land Cruiser Prado,2001
6483УНГ,TOYOTA Corolla,2002
2016УНГ,TOYOTA Land Cruiser 70,2011
1886УНА,ISUZU BIGHORN,1997
0717УНА,TOYOTA Sprinter,2000
5864УНА,TOYOTA Harrier,2008
2523УНН,HYUNDAI Porter,1999
6528УНГ,TOYOTA Prius,2004
3659УНО,TOYOTA Prius,2008
8115УНГ,TOYOTA Alphard,2009
1375УНО,KIA BONGOFRONTIER,2001
6905УНГ,HYUNDAI Porter,1999
1460УНО,MAZDA Demio,2003
7262УНН,MITSUBISHI L200,2004
5387УНН,MITSUBISHI Delica Spacegear,2001
0662УНН,NISSAN Sunny,2001
2147УНА,NISSAN X-Trail,2004
3003УНО,TOYOTA Crown,2006
9218УНГ,MITSUBISHI L200,2003
2272УНГ,MITSUBISHI PAJERO,1997
1447УНА,TOYOTA Gaia,2001
8777УНА,KIA Sportage,2011
8171УНГ,HYUNDAI Accent,1995
7603УНГ,HYUNDAI Mighty,1998
0693УНА,TOYOTA Prius,2008
6922УНН,TOYOTA Prius,2005
3811УНО,TOYOTA Ist,2003
5705УНА,TOYOTA Prius,2008
3801УНО,TOYOTA Corolla Fielder,2002
3840УНГ,TOYOTA Prius,2012
8964УНО,NISSAN Tiida,2006
2553УНН,TOYOTA Allion,2002
4344УНО,TOYOTA Crown,2006
6726УНО,HONDA CR-V,2002
9253УНА,HYUNDAI Starex,1999
7168УНГ,TOYOTA Harrier,2006
7803УНН,HYUNDAI HD-450,2010
3934УНО,NISSAN NOTE,2011
4382УНГ,HYUNDAI Porter,1997
1136УНН,TOYOTA Prius,2001
3742УНО,HONDA FIT,2006
8692УНО,HYUNDAI Porter,2001
2748УНН,TOYOTA Sprinter,1999
5447УНГ,TOYOTA Crown,2001
4877УНГ,TOYOTA Harrier,2007
5418УНА,NISSAN Advan,2011
1882УНА,NISSAN NOTE,2012
2144УНГ,SHAANXI SX4254,2009
2663УНН,TOYOTA Prius,2010
0753УНО,TOYOTA Harrier,2005
0951УНА,TOYOTA Prius,2003
4953УНА,HYUNDAI Sonata6,2010
8919УНА,TOYOTA Prius,2008
5776УНГ,HYUNDAI Sonata6,2005
5855УНО,TOYOTA Harrier,2008
3602УНА,MITSUBISHI MINICAB,2001
4561УНО,TOYOTA Corolla,2002
1398УНО,TOYOTA Prius,2004
1432УНГ,TOYOTA Corolla Axio,2007
1744УНА,TOYOTA Corolla,2004
3138УНО,TOYOTA Land Cruiser 200,2018
5102УНН,NORTHBENZ 2536S,2010
5865УНН,DFAC DLQ5040,2011
4091УНГ,VOLKSWAGEN CRAFTER,2007
8739УНГ,TOYOTA Prius,2006
9164УНА,TOYOTA RAV4,2007
3016УНГ,HYUNDAI Porter,1999
0784УНА,TOYOTA Allion,2005
8440УНН,KIA WIDEBONGO,1995
9456УНГ,TOYOTA PREMIO,2004
1841УНА,HYUNDAI Libero,2000
3409УНА,TOYOTA Alphard,2003
2649УНА,TOYOTA Prius,2007
5827УНН,HYUNDAI TANKLORRY,1996
2398УНГ,HYUNDAI Starex,2007
9822УНА,HYUNDAI Avante,1997
6488УНО,GREATWALL CC1031,2010
4387УНГ,TOYOTA Allion,2004
4267УНГ,HYUNDAI Grace,2003
1618УНО,TOYOTA Corona Premio,1997
1853УНО,HYUNDAI Accent Verna,2001
2644УНО,FOTON BJ4253,2007
8996УНН,TOYOTA Corolla,2003
1412УНО,TOYOTA Corolla Axio,2007
6594УНГ,HYUNDAI Porter,2002
6084УНА,TOYOTA Prius,2004
0703УНН,BEIBEN ND4251,2010
4199УНН,KIA BONGOFRONTIER,1999
3648УНН,TOYOTA Land Cruiser 200,2011
2951УНО,TOYOTA Raum,2003
4750УНГ,FAW CA3250,2013
6868УНО,TOYOTA Land Cruiser 200,2008
8414УНО,TOYOTA Prius,2009
8037УНН,HYUNDAI Porter,2002
1631УНА,HONDA INSPIRE,1996
1592УНО,HYUNDAI Porter,2001
6494УНА,HYUNDAI 4-5TON,1999
4359УНА,TOYOTA Camry,2008
2477УНА,TOYOTA Prius,2004
7994УНО,TOYOTA Corolla,2002
3027УНА,LEXUS GX470,2003
5312УНА,TOYOTA Mark II,2004
4209УНН,HOWO ZZ1257,2014
7530УНА,MITSUBISHI OUTLANDER,2006
7411УНО,MITSUBISHI Delica Spacegear,2001
7517УНО,HYUNDAI Starex,2000
6198УНА,HYUNDAI Accent Verna,2000
6318УНА,TOYOTA Prius,2001
4198УНА,TOYOTA RAV4,2008
9474УНА,TOYOTA Mark X,2005
6063УНА,NISSAN Patrol,2000
7242УНА,MITSUBISHI COLT,2004
1315УНГ,TOYOTA Prius,2008
3920УНО,TOYOTA Prius,2010
6465УНН,TOYOTA Prius,1998
2747УНН,NISSAN Terrano,1996
4275УНА,HYUNDAI Accent Verna,2000
0867УНН,TOYOTA Land Cruiser 150 Prado,2011
0381УНА,DAEWOO GVZ469M,1995
0922УНГ,LEXUS LX470,1999
2472УНА,TOYOTA Prius,2001
2586УНГ,TOYOTA Corolla Fielder,2003
8702УНН,HONDA INSIGHT,2009
5474УНГ,TOYOTA Allion,2004
1735УНН,TOYOTA Carina,2001
6929УНГ,HYUNDAI Starex,2008
5308УНО,TOYOTA Prius,2008
0577УНГ,TOYOTA Verossa,2002
0183УНН,TOYOTA Harrier,2006
1935УНА,KIA Optima,2003
8920УНА,DAEWOO REZZO,2002
4569УНО,TOYOTA Crown,2004
6504УНН,HONDA FIT,2003
2617УНГ,NISSAN Micra,2003
0232УНГ,HYUNDAI Porter,1995
6520УНГ,HYUNDAI Porter,1996
3905УНГ,LANDROVER FREELANDER,2001
2727УНН,HONDA HR-V,2000
0483УНА,TOYOTA Vanguard,2009
2967УНА,TOYOTA Ist,2004
2385УНН,ISUZU BIGHORN,1994
8462УНГ,TOYOTA Harrier,2007
7910УНГ,TOYOTA ESTIMA,2004
2082УНО,TOYOTA Prius,1998
1118УНА,TOYOTA Crown,2000
7213УНН,SINOTRUK ZZ3257,2010
1005УНН,MERCEDES BENZ SPRINTER,1983
0613УНН,LEXUS RX 350,2012
3210УНН,HYUNDAI Accent Verna,2000
3750УНА,BMW 320,2004
4884УНО,TOYOTA Crown,2002
7807УНА,TOYOTA Harrier,2005
5793УНО,TOYOTA Crown,2001
2088УНА,TOYOTA Prius,2006
4511УНА,TOYOTA Chaser,1998
6759УНА,TOYOTA Prius,2000
9380УНН,TOYOTA Prius,2006
9229УНА,SUBARU Forester,2006
1766УНН,KIA Bongo3,2005
6479УНО,NISSAN CUBE,2001
9725УНА,NORTHBENZ ND4250,2008
0542УНО,TOYOTA Prius,2008
0966УНГ,TOYOTA Harrier,2003
8637УНГ,TOYOTA Prius,2006
0411УНГ,NISSAN CARAVAN,2003
7510УНА,HONDA Civic,2003
2509УНН,HYUNDAI Terracan,2002
3326УНГ,HYUNDAI PORTER2,2004
7678УНН,VOLKSWAGEN Touareg,2004
9653УНН,TOYOTA ESTIMA,2003
5582УНН,NISSAN WINGROAD,2002
1875УНН,SUBARU Forester,2005
4962УНО,MAZDA PROCEED,1995
8648УНН,TOYOTA Prius,2006
6076УНО,NORTHBENZ ND4250,2005
0412УНН,UAZ 3909,2009
1476УНА,TOYOTA Duet,2002
4020УНГ,HYUNDAI Sonata6,2010
8592УНГ,TOYOTA Prius,2001
3397УНГ,TOYOTA Land Cruiser Prado,1992
9067УНГ,TOYOTA Prius,2009
8127УНА,TOYOTA Land Cruiser Prado,2004
1367УНО,KIA SEPHIA,1997
4131УНГ,TOYOTA Prius,2004
7813УНО,VOLVO FH440,2007
9306УНГ,DAEWOO Labo,2010
7253УНО,HYUNDAI FV415ML,1994
6219УНО,TOYOTA SAI,2010
5334УНА,TOYOTA Land Cruiser 80,1997
3785УНО,TOYOTA Prius,2007
5387УНГ,HINO RANGER,1992
8363УНА,TOYOTA Prius,2011
7287УНА,TOYOTA Raum,2004
0338УНГ,SSANGYONG Istana,2002
9750УНН,HONDA FIT,2001
9153УНН,TOYOTA Allion,2004
8252УНА,TOYOTA Prius,2002
3227УНА,TOYOTA Prius,2006
8949УНА,TOYOTA Harrier,2006
7944УНА,TOYOTA RAV4,2005
6876УНА,TOYOTA Prius,2005
9045УНО,UAZ 3909,2000
0126УНА,LEXUS LX570,2014
5119УНН,TOYOTA Prius,2005
6364УНГ,MITSUBISHI PAJERO,1994
4749УНО,TOYOTA Prius,2005
7418УНА,TOYOTA Prius,2003
4214УНО,NISSAN QASHQAI,2010
9872УНО,HYUNDAI Porter,1999
9596УНН,TOYOTA Corolla,2000
5996УНГ,NISSAN Primera,1999
3061УНГ,HYUNDAI Elantra,1994
4391УНН,TOYOTA Carina,2000
8583УНН,TOYOTA ESTIMA,2005
1152УНО,TOYOTA Highlander,2004
5718УНН,KIA Sportage,2011
1293УНО,ISUZU ELF,1999
5349УНО,TOYOTA Fun Cargo,2002
8603УНО,NISSAN Sunny,2001
8356УНО,DAIHATSU HIJET,2000
4444УНН,TOYOTA Crown,2010
5647УНГ,TOYOTA Prius,2001
4483УНА,TOYOTA Corolla,2005
7606УНН,HYUNDAI Porter,2001
0792УНГ,HYUNDAI Mighty,1996
3082УНГ,HYUNDAI Sonata 2,1995
4206УНГ,TOYOTA Prius,1999
2252УНА,TOYOTA RAV4,2008
1488УНГ,TOYOTA Crown,2008
1037УНО,TOYOTA Kluger,2002
6962УНН,MITSUBISHI COLT,2002
4379УНО,TOYOTA Prius,1999
4025УНГ,TOYOTA Land Cruiser Prado,2004
2299УНН,PEUGEOT 208,2013
7529УНА,HYUNDAI Starex,2006
8204УНО,NISSAN X-Trail,2001
1671УНН,NISSAN Tino,1999
2439УНГ,TOYOTA Raum,2000
9786УНГ,TOYOTA Land Cruiser 80,1996
3046УНА,TOYOTA Ist,2004
9929УНН,LEXUS LX470,2007
4708УНГ,MITSUBISHI PAJEROIO,1995
8870УНГ,HYUNDAI SONATA-7,2011
1075УНО,SINOTRUK ZZ3257,2010
3555УНГ,TOYOTA Land Cruiser 200,2010
2821УНН,SSANGYONG MUSSO,2004
5837УНО,NISSAN Sunny,1999
8805УНА,TOYOTA Vitz,2000
1308УНА,NISSAN Sunny,2000
4168УНО,TOYOTA Prius,2004
6762УНА,TOYOTA Prius,2007
1760УНН,LEXUS HS250,2011
5473УНА,HYUNDAI Porter,2002
7924УНА,TOYOTA VOXY,2004
1693УНО,HYUNDAI Aerobus,1999
0335УНГ,TOYOTA Prius,2007
5132УНГ,TOYOTA Corolla Fielder,2001
2081УНГ,NISSAN Condor,1998
2487УНА,TOYOTA Prius,2010
9935УНГ,SHAANXI SX4254,2007
0213УНГ,SSANGYONG Istana,2000
2997УНО,TOYOTA Prius,2006
2092УНА,HYUNDAI Porter,2004
1574УНН,TOYOTA Prius,2000
9438УНА,KIA FRONTIER,1999
1687УНГ,TOYOTA ESTIMA,2004
3963УНГ,TOYOTA Corolla,2002
1430УНО,TOYOTA Prius,1999
3094УНН,TOYOTA Camry,1993
4372УНГ,HYUNDAI Accent Verna,2001
7455УНГ,HYUNDAI SONATA-YF,2010
0483УНО,TOYOTA Prius,2000
4945УНН,KIA FRONTIER,2003
3722УНГ,NISSAN Bluebird,1996
0159УНГ,BMW X5,2007
1649УНГ,TOYOTA TownAce,1998
3745УНН,MITSUBISHI CANTER,1989
2670УНН,TOYOTA Prius,2008
7215УНА,NORTHBENZ ND4250,2010
3728УНО,TOYOTA RAV4,2007
9445УНН,TOYOTA RAV4,2000
0156УНА,TOYOTA Prius,2009
3367УНА,HYUNDAI MIGHTYII,2006
6673УНГ,TOYOTA PROBOX,2004
2298УНО,TOYOTA Land Cruiser 100,2001
4314УНН,SCANIA P420CB8X4EHZ,2011
5655УНА,TOYOTA PREMIO,2004
2595УНО,TOYOTA Prius,2001
5234УНО,TOYOTA Crown,2002
9427УНН,HYUNDAI Accent,1998
2531УНН,XCMG XZJ5103,2014
2027УНА,DAF FT105-510,2008
4134УНН,TOYOTA Corolla,2000
1420УНО,TOYOTA Cresta,1997
8808УНН,TOYOTA Prius,2004
8789УНО,KIA BONGOFRONTIER,2004
1239УНГ,NISSAN X-Terra,2003
2393УНО,HYUNDAI Accent Verna,2002
6380УНГ,TOYOTA Prius,2003
3597УНА,TOYOTA Corolla Axio,2007
2889УНА,TOYOTA Platz,2002
5647УНА,CHEVROLET CRUZE,2004
0219УНГ,TOYOTA Prius,2004
2214УНО,TOYOTA Vitz,2002
1144УНО,TOYOTA Ist,2002
1011УНН,TOYOTA Prius,2005
7812УНН,TOYOTA Progres,2004
3992УНН,TOYOTA Prius,2004
3298УНА,TOYOTA Crown,2006
4886УНГ,TOYOTA Allion,2003
7254УНО,TOYOTA Vitz,1999
8422УНА,TOYOTA Corolla,2005
9714УНГ,HYUNDAI Porter,2001
4451УНО,HYUNDAI Porter,1999
4933УНН,MITSUBISHI PAJERO,2009
2316УНА,HYUNDAI Mighty,2011
5753УНН,TOYOTA Prius,2001
7267УНГ,TOYOTA Mark II,2003
7788УНГ,HONDA Pilot,2016
1269УНН,TOYOTA REGIUSACE,2007
0983УНГ,FOTON BJ1039,2009
5522УНН,LEXUS RX450H,2010
0910УНА,HONDA Odyssey,2002
8823УНО,TOYOTA Prius,2001
7080УНА,HYUNDAI Accent Verna,1999
6929УНО,MAZDA Demio,2003
6676УНГ,TOYOTA Land Cruiser Prado,2002
3601УНН,NISSAN DUALIS,2008
2805УНН,MITSUBISHI COLT,2004
3931УНГ,MITSUBISHI MINICAB,2006
7484УНГ,MERCEDES BENZ G500,2003
1407УНО,HYUNDAI Grace,1993
5592УНН,HONDA Cross Road,2008
9840УНН,HYUNDAI Mighty,1999
8273УНГ,HYUNDAI Starex,2006
8877УНО,TOYOTA Allion,2002
9092УНА,TOYOTA Prius,2002
9749УНА,NISSAN NOTE,2006
0795УНА,TOYOTA Land Cruiser Prado,2004
8097УНН,NISSAN March,2000
8744УНГ,TOYOTA Alphard,2004
5335УНН,TOYOTA Land Cruiser 200,2013
9984УНА,TOYOTA Camry,2008
3831УНГ,TOYOTA Harrier,2005
7046УНО,LIEBHERR LTM1100,2011
8209УНГ,TOYOTA Allion,2006
9928УНО,NORTHBENZ ND4250,2010
0113УНА,TOYOTA Land Cruiser 80,1997
2823УНГ,TOYOTA Prius,2004
1295УНГ,HYUNDAI Sonata 3,1997
6725УНН,TOYOTA Land Cruiser 100,2000
4417УНН,TOYOTA Prius,2005
6410УНО,DAEWOO Matiz,2003
4690УНО,TOYOTA Corolla Spacio,2001
2582УНГ,HYUNDAI Porter,1996
8523УНН,HYUNDAI Sonata 2,1995
5813УНО,TOYOTA Prius,2004
1300УНО,TOYOTA RAV4,2004
0031УНГ,TOYOTA Land Cruiser 200,2016
4231УНО,HOWO ZJV5310,2008
0648УНО,TOYOTA Prius,2009
2140УНГ,SHAANXI SX4254,2007
7733УНО,TOYOTA Harrier,2002
1444УНА,TOYOTA Corolla Spacio,2005
5161УНГ,LEXUS LX470,2000
1181УНА,KIA BONGOFRONTIER,2002
6972УНГ,TOYOTA Prius,2007
0573УНА,TOYOTA PROBOX,2005
3152УНО,TOYOTA ESTIMA,2002
6881УНА,TOYOTA Verossa,2004
4154УНА,TOYOTA NOAH,2004
7503УНА,NISSAN Atlas,1998
5756УНГ,HYUNDAI Sonata 3,1998
3015УНГ,HONDA Civic,2006
7752УНО,TOYOTA Alphard,2005
7167УНО,NORTHBENZ ND4258,2011
0453УНГ,HYUNDAI Accent Verna,2000
5511УНН,TOYOTA Land Cruiser 100,2004
3079УНА,TOYOTA Prius,2000
2263УНН,ZIL 131,1980
1139УНГ,HONDA HR-V,2001
4889УНГ,HYUNDAI SONATA-7,2011
7667УНН,TOYOTA Carina,1996
7892УНА,HYUNDAI Sonata6,2005
3582УНН,HYUNDAI Sonata6,2010
4475УНН,DAIHATSU HIJET,1989
9892УНГ,TOYOTA Prius,2007
4110УНН,TOYOTA Prius,2010
2014УНГ,HONDA CR-V,2009
2627УНН,ISUZU Wizard,1998
6279УНН,TOYOTA Corolla,2001
0536УНА,KIA FRONTIER,2002
2878УНН,TOYOTA Crown,2007
9126УНГ,FOTON BJ3258,2013
1589УНО,TOYOTA Prius,2008
1449УНА,AUVERLAND A2,1989
8272УНН,HYUNDAI Porter,2000
0138УНГ,HOWO ZZ1257,2009
7148УНН,SHAANXI SS4255,2010
7038УНА,TOYOTA PROBOX,2003
0305УНО,TOYOTA Mark II,1996
7541УНГ,TOYOTA Chaser,1998
5658УНО,LEXUS LX570,2011
6622УНГ,TOYOTA Land Cruiser 70,2011
9417УНГ,TOYOTA Prius,2001
8427УНА,TOYOTA Corolla,2004
9830УНН,JEEP WRANGLER,2011
0402УНО,TOYOTA Ist,2002
0442УНА,KIA FRONTIER,2001
2196УНН,MITSUBISHI COLT,2003
4058УНО,LEXUS RX 350,2010
4045УНО,TOYOTA Allion,2002
9697УНН,TOYOTA Ist,2003
2927УНГ,TOYOTA Prius,2010
5669УНГ,TOYOTA Land Cruiser 80,1995
0270УНГ,LEXUS GS350,2007
7119УНГ,TOYOTA Prius,2005
4137УНГ,TOYOTA Harrier,1999
9315УНА,TOYOTA Prius,1998
7683УНО,HONDA CR-V,2001
1979УНН,TOYOTA Corolla Axio,2007
5238УНН,TOYOTA Kluger,2001
0100УНА,LEXUS LX570,2012
3680УНА,HYUNDAI Porter,2001
3449УНГ,TOYOTA Prius,2008
3223УНА,MAZDA VERISA,2004
0454УНГ,TOYOTA Chaser,1997
2070УНГ,NISSAN Tiida,2004
5280УНО,HONDA CR-V,2001
1103УНО,MITSUBISHI DELICA,2007
9730УНА,TOYOTA Ist,2004
8677УНО,TOYOTA Corolla RunX,2002
8020УНН,TOYOTA Prius,2005
4184УНА,TOYOTA Prius,2007
0961УНО,HYUNDAI Sonata6,2009
0283УНА,TOYOTA Corolla,2003
2640УНО,FOTON BJ4253,2007
2382УНО,FOTON BJ4253,2010
2547УНГ,TOYOTA Prius,2007
3500УНА,TOYOTA Brevis,2001
4810УНГ,HONDA CR-V,2000
6664УНА,TOYOTA Harrier,2006
0996УНА,TOYOTA RAV4,2008
1053УНГ,KIA MOHAVE,2009
7806УНГ,HONDA FIT-ARIA,2003
9602УНН,HYUNDAI Sonata 2,1995
9767УНГ,DAEWOO REZZO,2001
1792УНО,TOYOTA Corolla,1999
4997УНА,SSANGYONG MUSSO,2003
8904УНН,HYUNDAI Santa Fe,2000
0618УНН,TOYOTA Corolla RunX,2001
4242УНО,TOYOTA Mark II,2004
9199УНО,MERCEDES BENZ GLA250,2015
5338УНГ,TOYOTA Prius,2009
4979УНА,TOYOTA Land Cruiser 80,1995
9632УНО,TOYOTA Corolla,1998
6166УНГ,TOYOTA Corolla Fielder,2002
9533УНО,HINO RANGER,1997
4173УНО,ZIL 131,1984
9873УНН,BEIBEN ND4251,2010
9686УНН,SINOTRUK ZZ3257,2007
2782УНА,TOYOTA Voltz,2003
0122УНО,HONDA Life,2001
4888УНА,TOYOTA PREMIO,2006
7668УНГ,MITSUBISHI Delica Spacegear,1999
2803УНО,HYUNDAI Accent Verna,2001
4672УНН,NORTHBENZ ND4250,2009
5938УНН,NORTHBENZ ND4250,2010
6468УНН,HYUNDAI Starex,2002
3950УНН,TOYOTA Carina,2000
2353УНН,TOYOTA Mark II,2004
7491УНГ,TOYOTA Prius,1999
5684УНН,TOYOTA Prius,2000
9931УНА,TOYOTA Prius,1998
7956УНН,TOYOTA Corolla RunX,2001
5941УНГ,HYUNDAI Porter,2003
9625УНО,HYUNDAI Accent Verna,2003
2341УНО,HYUNDAI Porter,2002
0647УНО,TOYOTA Prius,2007
7213УНГ,TOYOTA Harrier,2004
7088УНО,TOYOTA Platz,2002
4792УНА,TOYOTA Prius,2011
1203УНН,TOYOTA Allion,2005
9223УНА,HYUNDAI Sonata5,2005
6750УНГ,TOYOTA Corolla,2001
7869УНН,TOYOTA Prius,2003
7188УНО,HYUNDAI Accent Verna,2003
5909УНГ,TOYOTA Land Cruiser 100,2004
1288УНГ,MERCEDES BENZ 230,1983
4937УНН,BEIBEN ND3253,2010
3994УНО,HYUNDAI Starex,2001
5906УНГ,TOYOTA Mark II,1996
9138УНА,SSANGYONG MUSSO,2003
6009УНН,TOYOTA Prius,2008
2182УНО,TOYOTA Corolla,2002
0188УНГ,SUZUKI Key,2002
6964УНА,NISSAN NOTE,2011
3926УНГ,HYUNDAI Sonata6,2007
0821УНГ,URAL 375,1987
8256УНН,KIA BONGOFRONTIER,1999
0342УНН,TOYOTA Land Cruiser Prado,2004
0015УНА,TOYOTA Mark II,2004
5654УНА,HYUNDAI Grace,2002
3401УНГ,MITSUBISHI DELICA,1996
8374УНА,SUBARU Forester,2004
3324УНГ,TOYOTA Prius,2001
8991УНН,HYUNDAI Accent Verna,2002
2596УНГ,SUBARU Forester,2004
0688УНО,LEXUS RX 350,2007
6617УНГ,HYUNDAI Accent Verna,2003
0725УНН,BEIBEN ND3313,2011
3619УНО,TOYOTA Prius,2010
1959УНО,TOYOTA RAV4,2006
8060УНА,HYUNDAI Porter,2000
6145УНА,TOYOTA 4Runner,2006
4824УНО,BEIBEN ND4251,2010
0445УНО,HYUNDAI Accent Verna,2005
7810УНО,VOLVO FH12,2006
7087УНО,BEIBEN ND5310,2011
6740УНГ,TOYOTA Rush,2007
9504УНН,TOYOTA Prius,2004
4985УНГ,HYUNDAI Grace,2002
4372УНО,TOYOTA Prius,2004
4890УНА,TOYOTA Prius,2003
5705УНН,TOYOTA Prius,2008
1098УНГ,TOYOTA Land Cruiser 200,2011
7952УНН,HYUNDAI Accent Verna,2002
2817УНА,HINO PROFIA,1997
5579УНО,LEXUS RX,2005
9562УНА,TOYOTA Vanguard,2008
4444УНА,LEXUS LX470,2006
9013УНН,BEIBEN ND4251,2000
8336УНГ,TOYOTA Harrier,2001
2528УНН,SINOTRUK ZZ3257,2007
3332УНГ,BEIBEN ND4251,2011
0790УНН,TOYOTA Mark II,2001
1684УНА,HYUNDAI Starex,2007
5660УНА,ZIL 130,1985
6401УНА,TOYOTA Corsa,1998
6371УНА,TOYOTA Verossa,2003
0369УНО,TOYOTA Allion,2002
6092УНГ,TOYOTA Prius,2005
6351УНН,HYUNDAI Grace,2002
6839УНН,BEIBEN ND3310,2007
2223УНО,TOYOTA AQUA,2012
4585УНН,TOYOTA Chaser,2001
6074УНН,NORTHBENZ ND4257,2010
5515УНА,TOYOTA Allion,2003
4132УНН,TOYOTA Prius,2007
0661УНГ,SUBARU IMPREZA,2000
4601УНО,SHAANXI SX4257,2010
7140УНГ,HYUNDAI Accent Verna,2001
3242УНГ,HYUNDAI SONATA-YF,2010
2740УНГ,TOYOTA Prius,2008
1761УНО,DAEWOO BS116,1996
9182УНА,TOYOTA Harrier,2007
0404УНГ,TOYOTA Land Cruiser 80,1997
9792УНН,TOYOTA Corolla Fielder,2008
2796УНО,FOTON BJ4253,2011
5583УНА,SUBARU IMPREZA,2002
7633УНО,TOYOTA Prius,2008
6820УНН,TOYOTA Prius,2005
0585УНГ,MERCEDES BENZ S350,2006
0014УНГ,TOYOTA Land Cruiser 200,2016
8507УНН,HONDA FIT,2002
9789УНГ,TOYOTA Land Cruiser 200,2009
7292УНО,TOYOTA Ist,2002
6749УНА,SSANGYONG Istana,1998
7607УНГ,HYUNDAI Porter,2003
9843УНН,BEIBEN ND4251,2010
4054УНА,TOYOTA Prius,2007
5314УНГ,TOYOTA Prius,2007
7921УНН,ISUZU Wizard,2001
0082УНГ,HUMMER H2,2005
9001УНН,TOYOTA Crown,2006
7508УНГ,TOYOTA Progres,2000
6923УНН,UAZ 220692,2010
5983УНГ,MITSUBISHI COLT,2003
1922УНО,TOYOTA Gaia,2002
9715УНГ,TOYOTA Prius,1998
8738УНА,TOYOTA Prius,2010
6093УНО,HONDA FIT,2003
2403УНГ,HONDA HR-V,2001
5408УНА,TOYOTA Corolla Fielder,2008
7029УНН,KIA Bongo3,2005
4801УНН,KIA Bongo3,2008
0222УНГ,TOYOTA Land Cruiser 200,2011
3511УНГ,BEIBEN ND4251,2010
5922УНО,HYUNDAI Grace,2003
3262УНО,TOYOTA PROBOX,2002
8390УНН,HYUNDAI Sonata NF,2008
3156УНА,NISSAN PICKUP,2011
5720УНГ,NISSAN Tiida,2005
6427УНГ,TOYOTA Crown,2007
1503УНН,LEXUS RX,2010
9156УНН,KIA Bongo3,2007
8015УНН,TOYOTA Camry,2004
6813УНА,KIA Optima,2002
5149УНА,TOYOTA Land Cruiser 80,1995
9850УНН,NISSAN UD,1993
9397УНО,TOYOTA Harrier,1999
4943УНО,HYUNDAI Grace,2001
1483УНН,TOYOTA Prius,2010
8425УНО,TOYOTA Progres,1999
1637УНА,VOLKSWAGEN TRANSPORTER,2004
0118УНА,TOYOTA Crown,2002
6713УНГ,TOYOTA Prius,2008
9159УНО,HYUNDAI Porter,2003
1858УНГ,VOLKSWAGEN Touareg,2006
2021УНН,HONDA HR-V,2001
7305УНГ,HYUNDAI Porter,2003
7540УНА,HONDA Acty,1993
5396УНН,HINO RANGER,1993
3694УНН,LEXUS LX470,2005
4085УНГ,TOYOTA Prius,2011
1474УНА,HYUNDAI Elantra,2000
1646УНГ,TOYOTA ESTIMA,2002
5029УНГ,TOYOTA Carina,1999
0793УНН,DAIHATSU YRV,2002
3365УНО,NISSAN Bluebird,2004
7444УНГ,BMW X5,2001
8288УНА,TOYOTA Corolla,2002
2688УНО,TOYOTA Chaser,2001
0397УНА,TOYOTA Prius,2005
0324УНН,HOWO ZZ1257,2014
2229УНГ,MERCEDES BENZ C200,2001
5543УНО,TOYOTA Prius,2007
9454УНО,SUBARU IMPREZA,2004
5226УНН,HYUNDAI Sonata NF,2010
9744УНГ,HYUNDAI 5TON,2002
3497УНН,TOYOTA Land Cruiser 80,1992
5721УНА,ZIL 130,1989
8010УНГ,TOYOTA Land Cruiser 120 Prado,2004
0800УНО,TOYOTA Prius,2003
8968УНА,LEXUS LX570,2008
8259УНА,SINOTRUK ZZ3257,2013
7939УНН,TOYOTA Prius,2008
4214УНН,HYUNDAI FV415ML,1991
6649УНГ,TOYOTA Prius,2005
1193УНГ,TOYOTA Prius,2000
9319УНН,SUBARU Forester,2005
8065УНН,NISSAN Sunny,2001
3535УНН,TOYOTA Corolla Axio,2007
4827УНН,TOYOTA Prius,2007
2555УНГ,TOYOTA Land Cruiser 100,1999
4157УНА,ZOOMLION ZLJ5419,2013
8312УНН,KIA FRONTIER,2003
4869УНН,SINOTRUK ZZ3257,2013
1838УНН,HYUNDAI Accent,1997
9510УНН,NISSAN NOTE,2005
3997УНГ,HYUNDAI Porter,2002
1898УНА,TOYOTA Cresta,2001
8376УНН,NISSAN Atlas,1994
2438УНГ,HYUNDAI Accent Verna,2000
6676УНА,TOYOTA Land Cruiser 70,2002
2112УНН,MITSUBISHI PAJERO,1998
5124УНА,TOYOTA Prius,2009
7293УНГ,HYUNDAI Porter,2001
4732УНО,HYUNDAI Sonata6,2011
8538УНН,DONGFENG EQ1162,2012
4506УНО,HYUNDAI PORTER2,2004
9118УНА,TOYOTA Prius,2008
4702УНО,HYUNDAI Porter,2002
0643УНО,HYUNDAI Porter,2002
5744УНН,HYUNDAI Avante XD,2002
9322УНН,TOYOTA Caldina,2004
1050УНН,TOYOTA Allion,2003
1791УНО,TOYOTA Raum,1999
8590УНН,DONGFENG XZJ5162,2012
3808УНН,NISSAN Tino,2001
5610УНО,TOYOTA Chaser,1994
2134УНГ,SHAANXI SX4254,2009
7908УНГ,NISSAN Tiida,2005
2704УНГ,TOYOTA Mark X,2005
3381УНН,NORTHBENZ ND5251,2010
8541УНО,BEIBEN ND1255,2008
4215УНО,NISSAN QASHQAI,2010
7868УНГ,TOYOTA Land Cruiser 150 Prado,2010
4320УНО,NISSAN TEANA,2006
2599УНН,TOYOTA Mark II,2002
6678УНА,NISSAN CARAVAN,2003
3507УНГ,TOYOTA Prius,2002
4566УНО,HYUNDAI Grace,2000
2019УНА,TOYOTA Crown,2005
2322УНН,TOYOTA Land Cruiser 80,1994
6895УНО,TOYOTA Prius,2012
8745УНА,TOYOTA BB,2012
0542УНА,KIA BONGOFRONTIER,2003
1739УНА,HYUNDAI Sonata5,2004
4169УНА,HYUNDAI 5TON,2004
7118УНО,TOYOTA Ipsum,2007
6279УНО,TOYOTA PREMIO,2006
1284УНН,TOYOTA PREMIO,2004
5520УНА,TOYOTA Harrier,2005
7497УНА,TOYOTA Harrier,1999
9776УНГ,TOYOTA Nadia,1998
0499УНН,TOYOTA Prius,2007
3115УНГ,TOYOTA Prius,2005
3536УНА,TOYOTA Land Cruiser Prado,1998
0358УНН,TOYOTA RAV4,2001
9930УНН,NORTHBENZ 2536S,2010
3113УНГ,TOYOTA Land Cruiser 200,2017
0196УНА,TOYOTA Prius,1998
8429УНН,SUBARU Forester,2004
6062УНА,TOYOTA Prius,2005
9185УНН,UAZ 220692,2010
6437УНО,DONGFENG DFD5120,2011
6513УНН,HONDA Accord,1993
5737УНН,TOYOTA Prius,2007
4630УНО,JEEP GRANDCHEROKEE,2008
6964УНГ,TOYOTA Prius,2008
3338УНА,TOYOTA Mark II,1999
7004УНН,TOYOTA Prius,2006
3136УНГ,TOYOTA Prius,2009
8125УНГ,TOYOTA Corolla Spacio,2003
4441УНО,TOYOTA NOAH,2001
3134УНА,HYUNDAI Starex,2006
1061УНГ,NISSAN Atlas,1993
6985УНН,TOYOTA Crown,2002
4460УНН,TOYOTA Hilux,2008
8152УНА,TOYOTA Corolla,2003
8998УНН,DAEWOO KALOS,2003
1705УНН,HYUNDAI Sonata6,2006
0116УНН,NORTHBENZ ND4250,2007
7372УНН,NISSAN NOTE,2005
2195УНА,TOYOTA Rush,2008
5590УНН,TOYOTA PREMIO,2005
5059УНГ,SSANGYONG Istana,2002
7423УНГ,TOYOTA Land Cruiser 150 Prado,2010
4918УНГ,HONDA Civic,2001
4978УНО,NORTHBENZ ND4250,2010
7283УНГ,HYUNDAI Mighty,1999
4342УНН,TOYOTA Succeed,2004
5949УНО,TOYOTA Prius,2000
9242УНГ,TOYOTA Land Cruiser 80,1995
0841УНГ,HYUNDAI Tucson,2007
9097УНО,TOYOTA Allex,2002
4236УНА,HYUNDAI Accent,2001
5940УНО,SINOTRUK ZZ3257,2011
8909УНА,MERCEDES BENZ S400,2010
2364УНО,FOTON BJ4253,2010
1484УНН,SSANGYONG REXTON,2004
5966УНА,TOYOTA Allion,2004
0266УНГ,MAZDA Titan,2000
1424УНО,TOYOTA Sprinter,1999
0062УНО,TOYOTA Carina,2001
5486УНО,NISSAN X-Trail,2001
9229УНО,NISSAN TEANA,2003
8706УНО,HYUNDAI Sonata5,2004
1952УНГ,KIA Bongo,1996
6025УНН,KIA FRONTIER,1999
2157УНН,UAZ PATRIOT,2014
3270УНН,TOYOTA Kluger,2005
5603УНН,TOYOTA Prius,2010
2642УНА,HYUNDAI Porter,1999
7767УНГ,MITSUBISHI PAJERO,1994
7678УНА,TOYOTA Alphard,2008
3716УНГ,SHAANXI SX4255,2007
7199УНГ,TOYOTA Prius,1999
6364УНА,HUMMER H2,2006
1932УНО,HYUNDAI Accent Verna,2001
0569УНН,NISSAN Bluebird,2003
0760УНГ,SKODA FABIA,2005
8638УНО,TOYOTA Allion,2003
3308УНН,DAEWOO BS106,2009
7403УНА,TOYOTA Prius,2006
3491УНА,PORSCHE CAYENNE,2009
1492УНО,HONDA Logo,1999
6051УНН,TOYOTA Gaia,2001
6981УНА,TOYOTA Vitz,1999
3727УНН,NISSAN March,2003
5413УНН,NISSAN WINGROAD,2012
6124УНА,TOYOTA Prius,2004
5075УНГ,UAZ 2206,2009
6365УНН,TOYOTA Prius,2009
4353УНА,TOYOTA Corolla Axio,2007
9994УНА,ISUZU FK9678,1992
9359УНА,TOYOTA Prius,1998
1035УНГ,TOYOTA Land Cruiser 70,2009
7477УНН,TOYOTA Land Cruiser 200,2016
2420УНА,SINOTRUK ZZ3257,2013
3863УНА,HYUNDAI Porter,2002
4894УНН,TOYOTA Prius,2005
7741УНГ,NORTHBENZ ND4257,2011
4715УНА,TOYOTA Prius,2003
9284УНН,FOTON BJ4253,2007
6122УНГ,JEEP WRANGLER,2013
6075УНА,NISSAN X-Trail,2004
3870УНН,TOYOTA Hilux,2000
6374УНН,HONDA Civic,2001
7538УНН,TOYOTA Kluger,2001
9728УНГ,HYUNDAI Starex,2001
2434УНО,SUBARU LEGACY,2004
4217УНГ,MAZDA Titan,2001
5448УНН,TOYOTA Carina,2001
3815УНО,HONDA FIT,2003
1599УНА,MERCEDES BENZ ML500,2001
8154УНО,MAZDA Familia,2001
6721УНГ,HYUNDAI Mighty,2000
2759УНН,BEIBEN ND4254,2011
2153УНА,HYUNDAI Mighty,1996
2090УНГ,HYUNDAI Avante XD,2003
5373УНГ,TOYOTA Mark II,2002
2995УНГ,MAZDA Demio,2002
1367УНН,TOYOTA Carina,2001
0231УНА,MITSUBISHI L200,2002
9668УНА,TOYOTA Ist,2003
5545УНГ,MERCEDES BENZ G500,2005
9433УНГ,MITSUBISHI PAJERO,2005
5943УНО,SINOTRUK ZZ3257,2011
3743УНО,TOYOTA Prius,2008
9784УНО,LEXUS HS250,2009
2820УНО,TOYOTA Corolla,2005
5562УНО,HYUNDAI Mighty,1999
7305УНА,MITSUBISHI CANTER,1997
4977УНГ,HYUNDAI Elantra,1998
8593УНГ,TOYOTA Carina,2001
0729УНА,TOYOTA corolla-Rumion,2008
9230УНН,FOTON BJ4253,2007
9448УНГ,TOYOTA Prius,2007
5208УНО,TOYOTA Ipsum,2001
4783УНА,HYUNDAI HD-270,2002
0269УНО,HYUNDAI MIGHTYII,2000
4557УНН,MAZDA RX8,2004
4852УНО,BEIBEN ND4251,2010
4085УНН,TOYOTA Verossa,2001
5206УНО,DAEWOO RG58D3,2001
0321УНО,TOYOTA Vitz,2002
5211УНН,NISSAN Patrol,2008
3685УНГ,HONDA FIT,2004
6108УНО,NISSAN Atlas,2003
2508УНА,HONDA HR-V,2004
1516УНА,HONDA FIT,2002
6948УНА,HYUNDAI Porter,1996
9862УНГ,HYUNDAI Accent Verna,1999
9264УНН,FOTON BJ4253,2007
2860УНА,TOYOTA Prius,2012
4529УНО,JIDONG HLQ5060,2010
4188УНН,TOYOTA Prius,2010
0358УНГ,NISSAN Tiida,2004
7409УНН,TOYOTA Ipsum,2001
2034УНО,HOWO ZZ4256,2007
3804УНГ,HYUNDAI Grace,2003
9209УНГ,TOYOTA Prius,2006
1636УНН,ZIL 130,1988
7603УНА,TOYOTA Highlander,2011
7964УНО,KIA WIDEBONGO,1995
9214УНО,NORTHBENZ ND4250,2008
5593УНН,TOYOTA Carina,2000
4223УНО,TOYOTA Duet,1999
1321УНА,TOYOTA Prius,2005
9651УНН,TOYOTA Prius,2001
5045УНН,MITSUBISHI AIRTREK,2001
0829УНН,HYUNDAI TANKLORRY,1996
3513УНА,TOYOTA Prius,2004
6928УНГ,TOYOTA Prius,2010
7940УНГ,HYUNDAI GRANDSTAREX,2011
9788УНН,ASIAMOTORS GRANTO,1995
0896УНН,NISSAN Liberty,2002
9393УНГ,TOYOTA Prius,2002
8949УНГ,HONDA CR-V,2005
9440УНО,SINOTRUK ZZ3257,2014
4565УНН,UAZ 3909,1999
0716УНГ,HYUNDAI PORTER2,2007
2795УНО,TOYOTA Land Cruiser 70,1998
1627УНГ,SUBARU IMPREZA,2004
5397УНА,NISSAN QASHQAI,2012
9383УНН,TOYOTA Prius,2007
7377УНН,TOYOTA Allion,2003
5831УНН,MITSUBISHI MONTERO,2002
4765УНН,NISSAN Sunny,2001
4534УНО,SAMSUNG SM5,2009
6551УНО,HYUNDAI Accent,1996
9838УНА,TOYOTA Harrier,2004
8554УНН,ZIL 131,1989
6804УНГ,HYUNDAI Grace,1999
7865УНА,NISSAN Sunny,1998
0650УНО,TOYOTA Prius,2008
6155УНН,NISSAN Bluebird,2004
8176УНГ,FAW CA1310,2013
8681УНА,NISSAN Murano,2004
1569УНН,TOYOTA Prius,2006
3751УНГ,HYUNDAI UNIVERSE,2013
6719УНА,LEXUS LX470,2006
3521УНН,FAW CA4250,2012
9302УНО,MITSUBISHI PAJERO,1995
8644УНН,TOYOTA Alphard,2005
3859УНГ,TOYOTA Prius,2006
9262УНГ,KIA Bongo3,2007
7019УНО,HOWO ZZ4253,2011
5082УНГ,TOYOTA Crown,2004
1749УНГ,TOYOTA Land Cruiser 80,1993
7169УНГ,DAIHATSU TERIOS,2004
1906УНГ,TOYOTA Prius,1999
7020УНА,TOYOTA Chaser,1999
5141УНН,SUZUKI SWIFT,2004
1297УНН,HYUNDAI Sonata NF,2006
7755УНГ,LANDROVER RANGEROVER,2013
1920УНО,HYUNDAI Avante,2001
9302УНГ,TOYOTA PREMIO,2003
7179УНН,MITSUBISHI DELICA,1997
9137УНН,OPEL VITA,2003
6748УНО,ZIL 433360,1993
0645УНА,TOYOTA Prius,2008
3993УНО,TOYOTA Kluger,2001
6435УНА,TOYOTA Prius,2008
6937УНО,HYUNDAI Elantra,1992
0603УНО,HYUNDAI Sonata6,2008
4510УНН,BEIBEN ND3250,2010
6462УНГ,TOYOTA Camry,2007
6833УНН,DAEWOO Matiz,2004
6129УНА,TOYOTA Prius,2009
5713УНН,BEIBEN ND4251,2010
0359УНГ,TOYOTA Camry,2006
8377УНА,SAMSUNG SM5,2005
1691УНО,TOYOTA Prius,2004
5345УНА,TOYOTA Land Cruiser 80,1995
0553УНН,TOYOTA Land Cruiser 80,1995
7604УНА,TOYOTA Mark II,2000
6887УНА,HYUNDAI Elantra,1993
7999УНА,HYUNDAI FS415DL,1995
1853УНГ,DAEWOO CARGO,1994
5724УНН,BEIBEN ND4251,2010
0338УНА,TOYOTA Corolla Spacio,2002
4008УНГ,LEXUS LX470,2007
4301УНО,TOYOTA Prius,2004
8191УНО,KIA MOHAVE,2014
4510УНГ,MITSUBISHI LANCER,2000
4024УНО,TOYOTA Prius,2010
0559УНА,LEXUS LX470,2006
3993УНА,TOYOTA Land Cruiser 80,1997
6487УНН,HYUNDAI Porter,2003
3167УНА,TOYOTA PROBOX,2004
3465УНО,BEIBEN ND4251,2010
6029УНА,TOYOTA Land Cruiser 200,2012
0610УНГ,TOYOTA Prius,2001
3171УНГ,TOYOTA Land Cruiser 80,1996
4845УНГ,NISSAN NOTE,2009
3050УНГ,LEXUS LX470,2000
4930УНА,TOYOTA corolla-Rumion,2008
6425УНА,HYUNDAI Sonata5,2004
3872УНА,KIA CERES,1995
2053УНГ,DAIHATSU HIJET,1992
7631УНГ,TOYOTA Land Cruiser 70,1993
7289УНН,TOYOTA Prius,1999
1259УНА,TOYOTA RAV4,2010
0788УНА,TOYOTA Fun Cargo,2000
5591УНН,TOYOTA Corolla Spacio,2002
0119УНГ,HYUNDAI County,2004
8983УНА,SUZUKI SWIFT,2000
5262УНО,SINOTRUK ZZ3257,2007
1056УНГ,TOYOTA Prius,2003
9013УНО,ZIL 130,1985
1327УНН,NORTHBENZ ND4250,2010
5896УНН,KIA BONGOFRONTIER,2005
6184УНН,TOYOTA Land Cruiser 70,1994
4911УНО,JIDONG CLW5061,2010
6389УНН,HOWO ZZ4257,2014
3114УНН,NORTHBENZ ND4250,2010
9993УНО,TOYOTA Allion,2002
3927УНН,BEIBEN ND4251,2010
3780УНО,DAEWOO DCP43M,1999
2413УНН,HINO RANGER,1995
4092УНО,PAZ 32053,2011
8373УНН,NISSAN Sunny,2002
7005УНН,TOYOTA Crown,1995
7783УНА,TOYOTA Crown,2008
2459УНА,TOYOTA Prius,2000
5227УНО,HYUNDAI Avante XD,2001
0281УНН,HYUNDAI Accent Verna,2003
7534УНО,BEIBEN ND3250,2009
0924УНО,HYUNDAI Accent Verna,2002
8319УНА,TOYOTA Mark II,2004
4398УНО,HYUNDAI Sonata6,2008
3959УНН,NISSAN Murano,2004
6695УНН,TOYOTA Prius,2002
4312УНН,HYUNDAI Sonata6,2008
2480УНГ,NISSAN Sunny,2001
2349УНА,HONDA HR-V,2003
4885УНН,TOYOTA Carina,2000
7506УНА,TOYOTA Mark X,2007
0089УНН,SUZUKI Aerio,2005
1850УНН,TOYOTA PREMIO,2003
1197УНО,HINO RANGER,1992
4338УНН,TOYOTA Prius,2001
5851УНО,TOYOTA Prius,2003
6840УНГ,TOYOTA Ist,2002
3839УНГ,TOYOTA Corolla Spacio,2001
0609УНА,LEXUS LX470,2003
2793УНО,FOTON BJ4253,2010
6256УНГ,NISSAN NOTE,2007
9119УНО,TOYOTA Land Cruiser 100,2004
1045УНО,TOYOTA Prius,2010
7057УНН,LANDROVER RANGEROVER,2012
2891УНА,MITSUBISHI GRANDIS,2003
1113УНН,TOYOTA Ist,2002
5962УНН,NISSAN NAVARA,2004
2863УНО,KIA BONGOFRONTIER,2003
9244УНО,TOYOTA Allion,2003
2009УНО,FAW QY5820,2008
9179УНГ,TOYOTA Prius,2000
7333УНА,TOYOTA Ipsum,2001
6375УНА,SSANGYONG Istana,1999
0843УНГ,TOYOTA Fun Cargo,1999
9015УНН,TOYOTA Corolla,2001
4619УНА,ISUZU ELF,1996
7022УНА,TOYOTA Prius,2005
5346УНО,KIA BONGOFRONTIER,2001
9999,УБА,TOYOTA Land Cruiser 70,2013
9999,УББ,TOYOTA Prius,2011
9999,УБВ,TOYOTA Land Cruiser 200,2013
9999,УБГ,LEXUS LX570,2011
9999,УБД,MERCEDES BENZ G500,2015
9999,УБЕ,TOYOTA Land Cruiser 200,2015
9999,УБЗ,MERCEDES BENZ G400,2004
9999,УБИ,LEXUS LX470,2006
9999,УБК,LANDROVER RANGEROVER,2011
9999,УБЛ,LANDROVER RANGEROVER,2007
9999,УБМ,TOYOTA Highlander,2013
9999,УБН,MERCEDES BENZ G63,2015
9999,УБО,MERCEDES BENZ G63,2016
9999,УБӨ,BENTLEY CONTINENTAL,2011
9999,УБП,LEXUS RX 350,2017
9999,УБР,TOYOTA Land Cruiser 200,2016
9999,УБС,TOYOTA Land Cruiser 200,2008
9999,УБТ,MERCEDES BENZ G500,2015
9999,УБУ,TOYOTA Land Cruiser 100,2003
9999,УБҮ,MERCEDES BENZ G500,2013
9999,УБЦ,TOYOTA Highlander,2008
9999,УБЧ,TOYOTA Land Cruiser 200,2015
9999,УБЭ,MERCEDES BENZ S350,2010
9999,УБЯ,MERCEDES BENZ G63,2013
9999УНА,LEXUS LX570,2014
9999УНБ,LANDROVER RANGEROVER,2011
9999УНВ,LEXUS RX 350,2013
9999УНГ,TOYOTA Land Cruiser 200,2012
9999УНД,LANDROVER RANGEROVER,2014
9999УНЕ,TOYOTA Land Cruiser 200,2009
9999УНЗ,TOYOTA Land Cruiser 200,2017
9999УНИ,TOYOTA Land Cruiser 200,2015
9999УНК,LEXUS LX570,2014
9999УНЛ,HUMMER H2,2006
9999УНМ,LANDROVER RANGEROVER,2012
9999УНН,ROLLSROYCE WRAITH,2014
9999УНО,MERCEDES BENZ G63,2013
9999УНӨ,MERCEDES BENZ G500,2016
9999УНП,LEXUS LX570,2016
9999УНР,LEXUS LX570,2013
9999УНС,TOYOTA Land Cruiser 200,2012
9999УНТ,LEXUS GS450H,2008
9999УНУ,MERCEDES BENZ G500,2016
9999УНҮ,LEXUS LX570,2013
9999УНЦ,LEXUS LS600,2008
9999УНЧ,MAYBACH 57-S,2009
9999УНЭ,MERCEDES BENZ G63,2012
9999УНЯ,LEXUS LX570,2011
8888,УБА,NISSAN 370Z,2011
8888,УББ,TOYOTA Alphard,2006
8888,УБВ,MERCEDES BENZ S350,2006
8888,УБГ,TOYOTA Camry,2010
8888,УБД,TOYOTA Land Cruiser 200,2007
8888,УБЕ,MERCEDES BENZ G500,2012
8888,УБЗ,MERCEDES BENZ G500,2015
8888,УБИ,TOYOTA Land Cruiser 100,2006
8888,УБК,TOYOTA Land Cruiser 100,1998
8888,УБЛ,LEXUS LX570,2016
8888,УБМ,LEXUS LX570,2009
8888,УБН,BENTLEY CONTINENTAL,2006
8888,УБО,BMW 740,2010
8888,УБӨ,LEXUS LX470,2006
8888,УБП,MERCEDES BENZ G63,2015
8888,УБР,LEXUS LX470,2004
8888,УБС,LEXUS LX570,2013
8888,УБТ,TOYOTA Land Cruiser 200,2010
8888,УБУ,PORSCHE PANAMERA,2010
8888,УБҮ,LEXUS LX570,2016
8888,УБЦ,TOYOTA Harrier,2005
8888,УБЧ,MERCEDES BENZ S350,2009
8888,УБЭ,LEXUS LX570,2008
8888,УБЯ,LEXUS LX570,2016
8888УНА,BMW 320,2008
8888УНБ,HUMMER H2,2004
8888УНВ,LEXUS LX570,2008
8888УНГ,LANDROVER RANGEROVER-VOGUE,2013
8888УНД,LEXUS LX570,2018
8888УНЕ,LANDROVER RANGEROVER-EVOQUE,2017
8888УНЗ,LEXUS LX570,2008
8888УНИ,TOYOTA Camry,2003
8888УНК,MERCEDES BENZ G500,2012
8888УНЛ,LEXUS RX400H,2006
8888УНМ,LANDROVER DISCOVERY,2011
8888УНН,LEXUS 450D,2015
8888УНО,MERCEDES BENZ G63,2013
8888УНӨ,MERCEDES BENZ G55,2011
8888УНП,LEXUS LX570,2014
8888УНР,BMW X5,2012
8888УНС,LEXUS LX470,1998
8888УНТ,LEXUS LX570,2011
8888УНУ,LEXUS LX570,2011
8888УНҮ,LEXUS LX570,2011
8888УНЦ,LEXUS 450D,2016
8888УНЧ,LEXUS LX570,2017
8888УНЭ,LEXUS NX200,2015
8888УНЯ,LEXUS LX570,2008
7777,УБА,TOYOTA Land Cruiser 200,2014
7777,УББ,FORD F-150,2017
7777,УБВ,TOYOTA Crown,2011
7777,УБГ,LEXUS LX470,2003
7777,УБД,LANDROVER RANGEROVER,2008
7777,УБЕ,BMW X6,2008
7777,УБЗ,LEXUS LX570,2016
7777,УБИ,MERCEDES BENZ G550,2011
7777,УБК,MERCEDES BENZ G63,2013
7777,УБЛ,MERCEDES BENZ G500,2015
7777,УБМ,MERCEDES BENZ S500L,2013
7777,УБН,TOYOTA Alphard,2010
7777,УБО,MERCEDES BENZ G500,2017
7777,УБӨ,TOYOTA Land Cruiser 200,2015
7777,УБП,HUMMER H2,2008
7777,УБР,LANDROVER RANGEROVER-VOGUE,2013
7777,УБС,HYUNDAI Starex,2003
7777,УБТ,MERCEDES BENZ G63,2017
7777,УБУ,MERCEDES BENZ G500,2012
7777,УБҮ,MERCEDES BENZ G500,2012
7777,УБЦ,HUMMER H2,2004
7777,УБЧ,BENTLEY CONTINENTAL,2012
7777,УБЭ,MERCEDES BENZ S550,2015
7777,УБЯ,TOYOTA Prius,2010
7777УНА,CHEVROLET CAPTIVA,2008
7777УНБ,CHEVROLET Tahoe,2012
7777УНГ,MERCEDES BENZ G500,2008
7777УНД,TOYOTA Land Cruiser 200,2016
7777УНЕ,TOYOTA Land Cruiser 80,1995
7777УНЗ,LEXUS LX570,2015
7777УНИ,LANDROVER RANGEROVER-EVOQUE,2011
7777УНК,LEXUS LX570,2010
7777УНЛ,FORD F-150,2013
7777УНМ,MERCEDES BENZ G63,2013
7777УНН,INFINITI FX35,2009
7777УНО,MAZDA Titan,1991
7777УНӨ,MERCEDES BENZ G500,2007
7777УНП,TOYOTA Land Cruiser 200,2011
7777УНР,TOYOTA Land Cruiser 200,2011
7777УНС,TOYOTA Land Cruiser 200,2011
7777УНТ,MERCEDES BENZ G500,2016
7777УНУ,MERCEDES BENZ G63,2013
7777УНҮ,UAZ 31512,2002
7777УНЦ,LEXUS LX570,2015
7777УНЧ,LANDROVER RANGEROVER,2012
7777УНЭ,LANDROVER RANGEROVER,2013
7777УНЯ,FORD F-150,2017
6666,УБА,TOYOTA Harrier,2006
6666,УББ,LEXUS LX570,2013
6666,УБВ,HYUNDAI Grandeur,2015
6666,УБГ,LEXUS LX570,2008
6666,УБД,TOYOTA Land Cruiser 150 Prado,2011
6666,УБЕ,HUMMER H1,1997
6666,УБЗ,TOYOTA Land Cruiser 200,2011
6666,УБИ,MERCEDES BENZ G500,2012
6666,УБК,HUMMER H3,2006
6666,УБЛ,LEXUS RX,2007
6666,УБМ,TOYOTA Land Cruiser Prado,2004
6666,УБН,TOYOTA Highlander,2011
6666,УБО,TOYOTA Land Cruiser 100,2005
6666,УБӨ,HUMMER H2,2008
6666,УБП,HUMMER H2,2008
6666,УБР,TOYOTA Land Cruiser 200,2016
6666,УБС,TOYOTA Land Cruiser 70,2011
6666,УБТ,LEXUS LX570,2010
6666,УБУ,HYUNDAI Starex,2003
6666,УБҮ,TOYOTA Land Cruiser 200,2008
6666,УБЦ,LANDROVER DISCOVERY,1997
6666,УБЧ,HUMMER H2,2008
6666,УБЭ,NISSAN ARMADA,2004
6666,УБЯ,KIA Sportage,2012
6666УНА,LEXUS LX570,2017
6666УНБ,MITSUBISHI Delica Spacegear,1989
6666УНВ,NISSAN Rogue,2016
6666УНГ,PORSCHE CAYENNE,2004
6666УНД,TOYOTA Mark II,2003
6666УНЕ,TOYOTA Alphard,2008
6666УНЗ,LANDROVER RANGEROVER,2011
6666УНИ,TOYOTA Land Cruiser 200,2013
6666УНК,AUDI Q5,2011
6666УНЛ,JEEP GRANDCHEROKEE,2011
6666УНМ,FORD TRANSIT,2015
6666УНО,BMW 750LI,2011
6666УНӨ,LEXUS LX570,2014
6666УНП,HUMMER H2,2006
6666УНР,LEXUS LX570,2017
6666УНС,TOYOTA Land Cruiser 200,2010
6666УНТ,INFINITI QX56,2011
6666УНУ,MERCEDES BENZ SPRINTER,2010
6666УНҮ,LEXUS LX570,2010
6666УНЦ,FORD Expedition,1999
6666УНЧ,MERCEDES BENZ G63,2013
6666УНЭ,LEXUS LX570,2014
6666УНЯ,FORD FOCUS,2010
5555,УБА,MERCEDES BENZ C180,2008
5555,УББ,MERCEDES BENZ G63,2017
5555,УБВ,TOYOTA Sienna,2015
5555,УБГ,TOYOTA Land Cruiser 200,2015
5555,УБД,HUMMER H2,2008
5555,УБЕ,LANDROVER RANGEROVER-VOGUE,2013
5555,УБЗ,LEXUS LX570,2014
5555,УБИ,MERCEDES BENZ G63,2013
5555,УБК,MERCEDES BENZ G500,2010
5555,УБЛ,NISSAN JUKE,2016
5555,УБН,LANDROVER RANGEROVER,2015
5555,УБО,LEXUS LX570,2012
5555,УБӨ,TOYOTA Land Cruiser 200,2012
5555,УБП,MERCEDES BENZ GL500,2007
5555,УБР,LANDROVER RANGEROVER,2012
5555,УБС,TOYOTA Land Cruiser 200,2017
5555,УБТ,MERCEDES BENZ S400,2015
5555,УБУ,LEXUS LX570,2011
5555,УБҮ,LEXUS LX570,2017
5555,УБЦ,LEXUS LX570,2017
5555,УБЧ,TOYOTA Land Cruiser 200,2010
5555,УБЭ,TOYOTA Land Cruiser 200,2016
5555,УБЯ,LANDROVER RANGEROVER-EVOQUE,2013
5555УНА,LEXUS LX570,2011
5555УНБ,LEXUS LX570,2017
5555УНВ,LEXUS LX570,2011
5555УНГ,LEXUS LX570,2012
5555УНД,LEXUS LX570,2011
5555УНЕ,LEXUS RX 350,2010
5555УНЗ,MERCEDES BENZ E300,2010
5555УНИ,TOYOTA Prius,2005
5555УНК,TOYOTA Land Cruiser 100,2007
5555УНЛ,MERCEDES BENZ G500,2016
5555УНМ,TOYOTA Highlander,2011
5555УНН,MERCEDES BENZ G500,2016
5555УНО,PORSCHE PANAMERA,2014
5555УНӨ,TOYOTA Highlander,2010
5555УНП,HUMMER H2,2009
5555УНР,NISSAN Rnessa,1999
5555УНС,MERCEDES BENZ G500,2016
5555УНТ,MERCEDES BENZ G550,2009
5555УНУ,LEXUS GX460,2011
5555УНҮ,JEEP GRANDCHEROKEE,2014
5555УНЦ,TOYOTA Harrier,2002
5555УНЧ,MERCEDES BENZ G500,2012
5555УНЭ,MERCEDES BENZ G63,2016
5555УНЯ,TOYOTA Harrier,2001
4444,УБА,LEXUS LX470,2006
4444,УББ,TOYOTA Land Cruiser 200,2013
4444,УБВ,LEXUS RX 350,2012
4444,УБГ,MERCEDES BENZ G320,2004
4444,УБД,LEXUS RX 350,2012
4444,УБЕ,LEXUS LX570,2017
4444,УБЗ,NISSAN GTR,2011
4444,УБИ,TOYOTA Camry,2011
4444,УБК,TOYOTA Land Cruiser 200,2014
4444,УБЛ,NISSAN Murano,2005
4444,УБМ,MERCEDES BENZ S400,2015
4444,УБН,TOYOTA Land Cruiser 100,2002
4444,УБО,TOYOTA Land Cruiser 200,2010
4444,УБӨ,MERCEDES BENZ S400,2016
4444,УБП,TOYOTA Camry,2006
4444,УБР,TOYOTA Land Cruiser 200,2015
4444,УБС,NISSAN Patrol,2012
4444,УБТ,MERCEDES BENZ G350,2011
4444,УБУ,LANDROVER RANGEROVER,2011
4444,УБҮ,MERCEDES BENZ G500,2016
4444,УБЦ,LEXUS LX570,2010
4444,УБЧ,HUMMER H2,2008
4444,УБЭ,TOYOTA Land Cruiser 100,2002
4444,УБЯ,TOYOTA RAV4,2007
4444УНА,LEXUS LX470,2006
4444УНБ,HYUNDAI PORTER2,2014
4444УНВ,TOYOTA Prius,2009
4444УНГ,LEXUS 450D,2015
4444УНД,MERCEDES BENZ G55,2011
4444УНЕ,LEXUS LX570,2010
4444УНЗ,TOYOTA Land Cruiser 200,2013
4444УНИ,TOYOTA Land Cruiser 200,2016
4444УНК,KIA FRONTIER,1999
4444УНЛ,LEXUS LX470,2007
4444УНМ,TOYOTA Land Cruiser 200,2010
4444УНН,TOYOTA Crown,2010
4444УНО,LEXUS LX570,2009
4444УНӨ,LEXUS LX470,2004
4444УНП,MERCEDES BENZ G550,2011
4444УНР,LEXUS LX470,2003
4444УНС,MERCEDES BENZ CLS350,2013
4444УНТ,TOYOTA Mark X,2006
4444УНУ,TOYOTA Prius,2010
4444УНҮ,MERCEDES BENZ GLK300,2013
4444УНЦ,LANDROVER RANGEROVER,2015
4444УНЧ,MERCEDES BENZ S500,2015
4444УНЭ,NISSAN Patrol,2015
4444УНЯ,TOYOTA Land Cruiser 80,1996
3333,УБА,TOYOTA Land Cruiser 200,2011
3333,УББ,LANDROVER RANGEROVER,2014
3333,УБВ,TOYOTA Land Cruiser 200,2014
3333,УБГ,SINOTRUK ZZ3257,2012
3333,УБД,TOYOTA Alphard,2015
3333,УБЕ,TOYOTA Land Cruiser 200,2012
3333,УБЗ,TOYOTA Land Cruiser 200,2016
3333,УБИ,TOYOTA Land Cruiser 200,2008
3333,УБК,TOYOTA Land Cruiser 200,2016
3333,УБЛ,LEXUS LX570,2011
3333,УБМ,TOYOTA Harrier,2005
3333,УБН,LEXUS LX570,2010
3333,УБО,LEXUS LX570,2011
3333,УБӨ,MERCEDES BENZ G500,2013
3333,УБП,MERCEDES BENZ S350,2003
3333,УБР,MERCEDES BENZ G500,2010
3333,УБС,LEXUS LX570,2014
3333,УБТ,TOYOTA Kluger,2001
3333,УБУ,MITSUBISHI LANCER,1998
3333,УБҮ,LEXUS LX570,2008
3333,УБЦ,LEXUS LX570,2010
3333,УБЧ,CADILLAC ESCALADE,2007
3333,УБЭ,TOYOTA Land Cruiser 200,2013
3333,УБЯ,PORSCHE BOXSTER,2001
3333УНА,TOYOTA Harrier,2004
3333УНБ,FORD F-150,2012
3333УНВ,LEXUS LX570,2016
3333УНГ,LEXUS LX570,2017
3333УНД,VOLKSWAGEN Touareg,2004
3333УНЕ,TOYOTA Vanguard,2008
3333УНЗ,TOYOTA Land Cruiser Prado,2016
3333УНИ,HUMMER H2,2008
3333УНК,MERCEDES BENZ G500,2013
3333УНЛ,HYUNDAI Mighty,2008
3333УНМ,LANDROVER RANGEROVER-EVOQUE,2013
3333УНН,LEXUS LX570,2008
3333УНО,LEXUS LX570,2012
3333УНӨ,LEXUS LX570,2014
3333УНП,LEXUS LX570,2011
3333УНР,LEXUS LX570,2017
3333УНС,TOYOTA Land Cruiser 200,2010
3333УНТ,LEXUS RX 350,2009
3333УНУ,LEXUS LX570,2013
3333УНҮ,TOYOTA Prius,2008
3333УНЦ,TOYOTA Land Cruiser 200,2010
3333УНЧ,FORD F-150,2012
3333УНЭ,INFINITI QX56,2011
3333УНЯ,NISSAN Patrol,2016
2222,УБА,TOYOTA Land Cruiser 200,2014
2222,УББ,TOYOTA Land Cruiser 200,2017
2222,УБВ,LEXUS LX570,2010
2222,УБГ,TOYOTA Land Cruiser 200,2011
2222,УБД,TOYOTA Land Cruiser 200,2013
2222,УБЕ,LEXUS LX570,2016
2222,УБЗ,FORD F-150,2017
2222,УБИ,TOYOTA Tundra,2007
2222,УБК,HUMMER H3,2006
2222,УБЛ,TOYOTA Prius,2011
2222,УБМ,LEXUS LX570,2008
2222,УБН,TOYOTA Land Cruiser 200,2011
2222,УБО,TOYOTA Land Cruiser 150 Prado,2013
2222,УБӨ,TOYOTA Land Cruiser 200,2015
2222,УБП,TOYOTA Prius,2010
2222,УБР,MERCEDES BENZ G350,2012
2222,УБС,TOYOTA Land Cruiser 100,2006
2222,УБТ,MERCEDES BENZ G500,2017
2222,УБУ,TOYOTA Alphard,2009
2222,УБҮ,LEXUS LX570,2016
2222,УБЦ,TOYOTA Land Cruiser 100,2007
2222,УБЧ,TOYOTA Land Cruiser 150 Prado,2011
2222,УБЭ,LEXUS RX,2004
2222,УБЯ,ISUZU ELF,1991
2222УНА,MERCEDES BENZ GL450,2007
2222УНБ,LEXUS LX570,2008
2222УНВ,MERCEDES BENZ S350,2010
2222УНГ,LEXUS LX470,2005
2222УНД,LANDROVER RANGEROVER,2014
2222УНЕ,INFINITI FX35,2004
2222УНЗ,MERCEDES BENZ GLA250,2015
2222УНИ,TOYOTA Land Cruiser 200,2011
2222УНК,MERCEDES BENZ E200,2016
2222УНЛ,LEXUS LX570,2016
2222УНМ,LEXUS LX570,2011
2222УНН,SUBARU Forester,2011
2222УНО,CHEVROLET Tahoe,2011
2222УНӨ,TOYOTA Land Cruiser 200,2010
2222УНП,TOYOTA Land Cruiser 200,2013
2222УНР,NISSAN X-Trail,2011
2222УНС,TOYOTA Harrier,2004
2222УНТ,MERCEDES BENZ ML350,2012
2222УНУ,CHEVROLET Tahoe,2010
2222УНҮ,TOYOTA Land Cruiser 200,2017
2222УНЦ,TOYOTA Prius,2011
2222УНЧ,LANDROVER RANGEROVER,2008
2222УНЭ,TOYOTA Land Cruiser 200,2016
2222УНЯ,TOYOTA Land Cruiser 200,2010
1111,УБА,TOYOTA Prius,2006
1111,УББ,TOYOTA Land Cruiser 200,2013
1111,УБВ,NISSAN Patrol,2007
1111,УБГ,MERCEDES BENZ G55,2012
1111,УБД,TOYOTA Land Cruiser 200,2015
1111,УБЕ,LEXUS LX470,2006
1111,УБЗ,TOYOTA Land Cruiser 200,2015
1111,УБИ,LANDROVER RANGEROVER,2014
1111,УБК,PORSCHE PANAMERA,2015
1111,УБЛ,BMW 740,2011
1111,УБМ,MAYBACH 57-S,2005
1111,УБН,MERCEDES BENZ S350,2006
1111,УБО,LEXUS LX570,2017
1111,УБӨ,TOYOTA Land Cruiser 150 Prado,2016
1111,УБП,LEXUS LX570,2013
1111,УБР,MERCEDES BENZ SL350,2013
1111,УБС,TOYOTA Alphard,2005
1111,УБТ,LEXUS LX570,2016
1111,УБУ,HUMMER H2,2008
1111,УБҮ,TOYOTA Crown,2001
1111,УБЦ,TOYOTA Land Cruiser 200,2011
1111,УБЧ,LEXUS LX570,2011
1111,УБЭ,TOYOTA Prius,2008
1111,УБЯ,LEXUS LX470,2006
1111УНА,HUMMER H2,2008
1111УНБ,LEXUS LX570,2017
1111УНВ,TOYOTA Camry,2002
1111УНГ,TOYOTA Land Cruiser 200,2016
1111УНД,TOYOTA Prius,2005
1111УНЕ,MERCEDES BENZ G63,2016
1111УНЗ,TOYOTA Land Cruiser 200,2016
1111УНИ,LEXUS LX470,2007
1111УНК,TOYOTA Prius,2011
1111УНЛ,LEXUS LX570,2011
1111УНМ,TOYOTA Land Cruiser 200,2014
1111УНН,LEXUS LX570,2017
1111УНО,MERCEDES BENZ G500,2012
1111УНӨ,LEXUS LX570,2010
1111УНП,ROLLSROYCE PHANTOM,2012
1111УНР,MERCEDES BENZ G500,2013
1111УНС,LEXUS LX570,2011
1111УНТ,HUMMER H2,2008
1111УНУ,TOYOTA ESTIMA,2008
1111УНҮ,LEXUS RX,2006
1111УНЦ,LEXUS LX570,2016
1111УНЧ,MERCEDES BENZ G500,2016
1111УНЭ,MERCEDES BENZ G500,2017
1111УНЯ,JAGUAR XJ,2011
7507УНО,TOYOTA Land Cruiser 80,1992
5343УНН,NISSAN Advan,2011
9911УНО,MERCEDES BENZ E240,2003
7553УНН,TOYOTA Hilux,2001
8005УНГ,TOYOTA Chaser,1996
8042УНН,TOYOTA Mark X,2008
6885УНГ,LEXUS LX470,2006
1776УНО,TOYOTA Corolla Axio,2006
7078УНН,TOYOTA Chaser,2001
4698УНО,HONDA CR-V,2000
2131УНН,TOYOTA Land Cruiser 200,2011
9947УНА,TOYOTA Prius,2004
0056УНН,NISSAN TEANA,2016
5752УНА,TOYOTA Succeed,2004
1353УНО,HYUNDAI Excel,1992
9109УНГ,TOYOTA Prius,2008
3078УНО,TOYOTA Kluger,2001
6654УНО,FORD TRANSIT,2008
0941УНО,NORTHBENZ ND4257,2010
0697УНО,KIA GRANBIRD,2013
7619УНА,TOYOTA Ipsum,2004
8803УНГ,KIA FRONTIER,2002
4760УНО,MAZDA Demio,2003
2506УНО,NISSAN VANNETE,2002
8728УНГ,TOYOTA Harrier,2011
1381УНГ,TOYOTA Crown,2008
8384УНГ,TOYOTA Mark II,2003
9922УНН,HYUNDAI SONATA-YF,2013
6805УНН,SINOTRUK ZZ3257,2013
5336УНА,TOYOTA Raum,1999
8606УНА,HYUNDAI Santa Fe,2013
1914УНН,TEREX RT555-1,2010
8332УНГ,TOYOTA Land Cruiser 120 Prado,2004
4736УНН,KIA FRONTIER,1998
3847УНН,TOYOTA Mark X,2005
1715УНА,TOYOTA Land Cruiser 80,1995
8154УНА,HYUNDAI Starex,1999
1594УНО,HUMMER H3,2006
9435УНА,NISSAN Sunny,1999
0534УНА,TOYOTA Land Cruiser 150 Prado,2014
7201УНА,HYUNDAI Avante XD,2008
7830УНГ,HYUNDAI Grace,2002
4412УНГ,TOYOTA Prius,2002
7900УНА,TOYOTA Prius,2008
6686УНН,HYUNDAI Sonata6,2006
7073УНГ,TOYOTA Allion,2002
4758УНГ,TOYOTA Corolla Axio,2006
3505УНГ,TOYOTA Prius,2005
8479УНГ,TOYOTA Prius,2010
4791УНН,HYUNDAI Grace,2002
4762УНГ,HYUNDAI Porter,2000
9016УНГ,HYUNDAI Porter,2000
0167УНА,LEXUS GX470,2005
8478УНО,TOYOTA corolla-Rumion,2008
9986УНГ,HYUNDAI Elantra,1991
0444УНГ,LEXUS LX470,2002
5104УНГ,NISSAN X-Trail,2005
0856УНГ,TOYOTA AQUA,2012
6719УНО,NISSAN X-Trail,2004
2157УНО,NISSAN TEANA,2004
6233УНО,TOYOTA Prius,1999
1597УНО,TOYOTA Corolla Axio,2006
0074УНА,TOYOTA Cresta,1996
3090УНГ,TOYOTA Prius,2007
4476УНГ,HYUNDAI Sonata5,2004
2160УНГ,DAEWOO REZZO,2000
4672УНА,MITSUBISHI MINICAB,1992
8586УНН,TOYOTA Prius,2000
9940УНА,TOYOTA Prius,2002
8818УНГ,LEXUS LX470,2004
5332УНА,CHENGLI CLW5160,2012
4975УНГ,SSANGYONG Istana,2002
2822УНО,TOYOTA Crown,2008
1507УНА,HYUNDAI MIGHTYII,1999
3660УНА,TOYOTA Prius,1999
1229УНА,NISSAN Bluebird,2006
8097УНА,HYUNDAI SONATA-7,2012
7447УНГ,TOYOTA Brevis,2001
9148УНА,TOYOTA PREMIO,2004
9918УНН,TOYOTA Carina,2001
2714УНГ,TOYOTA Ist,2003
4023УНН,TOYOTA Prius,2009
7558УНО,NISSAN Tiida,2004
3343УНН,TOYOTA Mark II,2000
0503УНГ,MERCEDES BENZ A170,2006
3076УНО,KIA BONGOFRONTIER,2001
5495УНА,HYUNDAI Starex,2004
2213УНО,HYUNDAI Porter,1999
5841УНО,HONDA HR-V,2002
4348УНН,TOYOTA Prius,2005
7242УНН,NISSAN Sunny,2004
1558УНН,HYUNDAI 5TON,2000
0078УНГ,TOYOTA Gaia,2000
6561УНГ,HYUNDAI Porter,2003
2500УНГ,VOLKSWAGEN TIGUAN,2009
7931УНА,TOYOTA Carina,2001
6440УНО,HONDA INSIGHT,2009
2453УНГ,HYUNDAI Accent Verna,2001
7952УНГ,TOYOTA Vitz,2008
1950УНГ,HYUNDAI Libero,2002
4991УНО,ZOOMLION ZLJ5257,2013
7193УНО,HYUNDAI Accent Verna,2001
7632УНН,KIA Optima,2013
6809УНГ,TOYOTA PASSO-SETTE,2008
9943УНН,NISSAN Patrol,2010
4635УНГ,TOYOTA Prius,2002
8032УНО,HYUNDAI Porter,1999
4780УНГ,FORD TRANSIT,2012
0246УНГ,TOYOTA Land Cruiser 200,2013
3964УНО,TOYOTA Corolla,2002
6975УНО,TOYOTA Prius,2007
0527УНА,FORD TRANSIT,2003
3781УНН,TOYOTA Corolla,2004
5588УНО,TOYOTA Land Cruiser 200,2014
5352УНО,TOYOTA Prius,2009
5721УНО,TAS 3500,2010
8093УНО,TOYOTA Allion,2003
3530УНО,HYUNDAI Sonata6,2006
1082УНА,NISSAN Murano,2005
7191УНГ,MITSUBISHI PAJERO,1998
1995УНН,HONDA Civic,2000
1380УНГ,HYUNDAI Accent,1994
7380УНО,MITSUBISHI PAJERO,2003
0192УНН,TOYOTA Prius,2004
4164УНН,HYUNDAI Accent Verna,2002
7842УНН,DONGFENG DEL5311,2010
9751УНГ,HYUNDAI Sonata6,2006
0138УНН,HONGYAN CQ4243,1995
7656УНН,TOYOTA Land Cruiser 200,2008
1129УНГ,HYUNDAI Porter,1994
1812УНГ,NISSAN Sunny,2004
0380УНГ,HYUNDAI Accent Verna,2000
3010УНО,TOYOTA Kluger,2003
3373УНН,TOYOTA SAI,2010
7623УНН,BEIBEN ND3253,2012
3736УНГ,SUBARU IMPREZA,2004
5117УНА,TOYOTA Prius,2010
9130УНН,SUZUKI Carry,1992
3560УНН,HIGER KLQ1030,2014
9544УНГ,NISSAN NOTE,2007
5685УНО,SSANGYONG Istana,1999
7482УНА,KIA CERES,1994
4305УНА,TOYOTA Prius,2009
5457УНО,MITSUBISHI DELICA,1995
4018УНГ,HYUNDAI Porter,1998
1822УНА,TOYOTA Prius,2006
5596УНО,TOYOTA Corolla,2005
8902УНГ,TOYOTA Prius,2005
8443УНГ,TOYOTA Prius,2010
3972УНО,HYUNDAI Porter,2002
6417УНО,HYUNDAI Mighty,2011
8869УНА,HYUNDAI Porter,1999
8632УНА,TOYOTA Mark II Grande,2004
5417УНГ,KIA Bongo3,2004
1218УНГ,TOYOTA Vanguard,2008
6664УНГ,HYUNDAI Grace,2002
2011УНО,TOYOTA Raum,1998
8413УНО,KIA FRONTIER,2000
1435УНА,TOYOTA Prius,2007
7279УНО,TOYOTA Prius,2000
0890УНО,TOYOTA Land Cruiser 70,2011
6829УНО,HONDA FIT,2002
7688УНН,HYUNDAI Terracan,2001
2652УНН,KIA FRONTIER,2000
0602УНА,NISSAN WINGROAD,2006
3680УНГ,TOYOTA Prius,2006
4461УНН,TOYOTA Carina,2001
3020УНГ,TOYOTA Prius,2008
2753УНГ,KIA Optima,2004
1374УНА,TOYOTA Prius,2008
0006УНА,TOYOTA Land Cruiser 200,2015
7630УНГ,TOYOTA Ist,2004
6756УНГ,HYUNDAI Sonata6,2009
3074УНА,HONDA FIT,2006
8017УНА,TOYOTA Corolla Fielder,2008
6230УНН,LANDROVER FREELANDER,2002
7475УНА,TOYOTA Crown,2006
8460УНГ,TOYOTA Vitz,2007
2070УНН,TOYOTA Prius,2003
3155УНН,HOWO ZZ4256,2007
6905УНА,TOYOTA Cresta,1998
4413УНА,MITSUBISHI PAJERO,2004
5827УНА,TOYOTA Prius,2000
4277УНН,TOYOTA Corolla Spacio,2001
1333УНН,LEXUS RX 350,2012
4207УНО,TOYOTA Ipsum,2001
5754УНН,HYUNDAI Accent Verna,2002
1378УНО,TOYOTA Sprinter,1998
9803УНО,NORTHBENZ ND4250,2003
3108УНН,NORTHBENZ ND4250,2010
9137УНО,HYUNDAI Accent,1996
3798УНА,HYUNDAI Starex,2001
1924УНА,TOYOTA Sprinter,2000
2422УНО,MITSUBISHI FUSO,1994
7386УНА,DAEWOO MA45D1,2007
9997УНН,MERCEDES BENZ ML350,2010
4396УНО,KIA BONGOFRONTIER,2002
5155УНГ,MITSUBISHI PAJERO,1996
0507УНО,NISSAN Patrol,2004
6690УНО,TOYOTA Prius,2009
8024УНО,BEIBEN ND4251,2011
0452УНА,HYUNDAI Starex,2000
6957УНГ,HYUNDAI Accent Verna,2002
8371УНГ,FAW CA1310,2013
4295УНА,TOYOTA Land Cruiser 200,2013
9687УНН,TOYOTA Harrier,2005
3579УНО,TOYOTA corolla-Rumion,2008
8153УНН,TOYOTA Allion,2008
7018УНО,HOWO ZZ4253,2011
3203УНН,TOYOTA Mark II,2001
4633УНА,SINOTRUK ZZ3257,2013
6625УНГ,HYUNDAI Mighty,1999
3198УНГ,HONDA HR-V,1999
7375УНА,TOYOTA Prius,2001
8773УНН,TOYOTA Prius,2009
9758УНГ,TOYOTA Prius,2002
8652УНГ,TOYOTA Land Cruiser 70,2013
0375УНГ,SHAANXI SX4254,2009
7537УНН,TOYOTA Allex,2002
3088УНН,TOYOTA Kluger,2002
2689УНО,TOYOTA Corolla,2002
6118УНН,TOYOTA Land Cruiser Prado,2004
7393УНА,HYUNDAI Sonata 3,1997
5807УНН,TOYOTA Land Cruiser 80,1993
0899УНО,LEXUS LX570,2015
6142УНН,TOYOTA Land Cruiser 100,1998
1097УНА,HYUNDAI Starex,2007
1674УНГ,TOYOTA Alphard,2004
9745УНГ,HYUNDAI Porter,2003
0438УНО,MITSUBISHI MINICAB,1997
1910УНГ,HYUNDAI Starex,2003
9802УНО,TOYOTA Mark II,1997
7498УНО,TOYOTA Land Cruiser 80,1995
3089УНА,TOYOTA Prius,2004
6159УНН,HYUNDAI Accent Verna,2004
2597УНН,TOYOTA Corona,1998
5670УНО,HYUNDAI NEWEFSONATA,2004
7600УНО,TOYOTA Land Cruiser 100,2001
2150УНА,HYUNDAI Sonata 2,1994
8857УНН,HONDA FIT,2002
3509УНА,TOYOTA Prius,2007
1593УНГ,TOYOTA Land Cruiser 80,1994
0232УНН,NISSAN CARAVAN,2005
6688УНН,KIA SORENTO,2011
0774УНГ,MAZDA Bongo,1993
7840УНГ,TOYOTA Prius,2006
2109УНО,TOYOTA Crown,2004
8571УНО,MAZDA Titan,2000
1746УНН,ZIL 131,1980
2345УНГ,LEXUS LX470,2003
0216УНА,TOYOTA Land Cruiser 200,2015
0822УНО,TOYOTA Crown,2008
7074УНГ,TOYOTA PREMIO,2004
6622УНН,TOYOTA RAV4,2000
4304УНА,TOYOTA Corolla,2004
3162УНО,TOYOTA Prius,2002
9138УНН,KIA FRONTIER,1998
5881УНН,TOYOTA Land Cruiser 200,2017
2029УНГ,TOYOTA RAV4,2002
0459УНГ,TOYOTA Crown,2001
9415УНА,TOYOTA Prius,2004
6946УНН,BEIBEN ND4251,2010
4468УНГ,KIA Bongo,1996
3049УНН,TOYOTA Prius,2009
5051УНГ,TOYOTA RAV4,2006
3968УНО,LEXUS LX470,2002
5989УНА,TOYOTA Carina,1998
7143УНО,NORTHBENZ ND3255,2010
8133УНГ,HINO RANGER,1992
1556УНО,BEIBEN ND3253,2011
9515УНГ,TOYOTA Crown,2007
7963УНН,DONGFENG EQ1162,2014
0489УНА,TOYOTA Raum,2007
9142УНА,TOYOTA Kluger,2005
0099УНА,TOYOTA Land Cruiser Prado,1998
4253УНН,HYUNDAI Porter,2003
3356УНН,TOYOTA Tacoma,2009
6381УНН,TOYOTA Corolla,2001
2532УНН,NISSAN Atlas,1994
3742УНН,MITSUBISHI COLT,2003
5856УНГ,HYUNDAI Accent Verna,2000
4047УНН,ISUZU BIGHORN,2000
4688УНН,SUBARU IMPREZA,2007
3912УНГ,MITSUBISHI PAJERO,2004
8686УНН,TOYOTA VOXY,2005
5367УНН,NISSAN Tiida,2007
5159УНО,TOYOTA Prius,2003
0309УНО,TOYOTA Land Cruiser 100,1998
0898УНГ,TOYOTA Mark II,2004
2660УНА,TOYOTA Prius,2004
2820УНН,HYUNDAI Grace,1995
3982УНО,URAL 375,1980
4371УНА,NORTHBENZ ND4257,2009
0634УНА,TOYOTA Prius,2005
5747УНГ,HYUNDAI Sonata6,2007
4325УНГ,TOYOTA Carina,2000
5651УНГ,HYUNDAI Porter,2003
4625УНН,NORTHBENZ ND4250,2009
8972УНН,TOYOTA Prius,2005
4057УНА,HYUNDAI Sonata6,2006
0380УНН,NISSAN X-Trail,2001
7100УНА,TOYOTA Land Cruiser 200,2013
0737УНН,TOYOTA Crown,2004
0807УНО,TOYOTA Prius,2003
1177УНГ,TOYOTA Harrier,2006
8963УНО,HYUNDAI Sonata 2,1995
5201УНГ,SSANGYONG Istana,1996
9053УНА,ZOOMLION ZLJ5339,2012
1100УНГ,NISSAN Bluebird,2000
6780УНГ,TOYOTA Ist,2002
5401УНГ,SINOTRUK ZZ3257,2013
6243УНГ,TOYOTA Prius,2007
9194УНА,MERCEDES BENZ E200,2010
2973УНГ,HYUNDAI Porter,2002
6623УНН,KIA Bongo,1997
8599УНГ,LEXUS LX470,2006
4533УНА,TOYOTA Corolla Axio,2006
5065УНО,NISSAN Sunny,2002
5041УНО,ZOOMLION ZLJ5257,2013
7006УНН,TOYOTA Prius,2004
5894УНО,NORTHBENZ ND2527,2010
8762УНО,TOYOTA Harrier,2005
6033УНО,TOYOTA Vitz,2002
5098УНГ,HYUNDAI Porter,1997
9912УНГ,TOYOTA Prius,2004
2751УНГ,FORD TRANSIT,2000
6277УНН,MAZDA Familia,2000
8465УНА,TOYOTA Camry,2006
8811УНН,LEXUS LX470,1999
8692УНГ,HONDA CR-V,1996
6838УНН,KIA FRONTIER,2003
1179УНА,TOYOTA Prius,2006
9703УНО,TOYOTA Prius,2001
9355УНА,HYUNDAI SONATA-YF,2010
1876УНГ,TOYOTA Prius,2007
8531УНН,HYUNDAI Accent,1996
2493УНГ,TOYOTA Prius,2007
8047УНО,HYUNDAI Porter,2001
3518УНГ,NORTHBENZ DN1255,2010
2077УНА,MERCEDES BENZ 500SEL,1995
3195УНН,NORTHBENZ ND4250,2010
4158УНО,TOYOTA Prius,2006
2156УНА,HYUNDAI 4-5TON,2000
4415УНО,HYUNDAI Starex,2001
3859УНА,TOYOTA Prius,2005
9863УНО,TOYOTA Corolla,2001
3229УНА,TOYOTA Chaser,1995
0289УНО,UAZ 374195,2016
5397УНГ,HYUNDAI Accent,1997
9201УНН,FOTON BJ4253,2007
2241УНН,TOYOTA Prius,2006
9864УНО,TOYOTA Prius,2010
0775УНО,TOYOTA Prius,2007
9926УНГ,SINOTRUK ZZ3257,2012
7990УНГ,FORD FIESTA,2000
4207УНН,VOLKSWAGEN POLO,2011
6044УНГ,KIA Rio,2013
5811УНО,HONDA Civic,2002
0783УНГ,LEXUS RX,2006
4346УНН,TOYOTA Corolla Axio,2008
8526УНГ,HYUNDAI Accent Verna,2000
1565УНГ,TOYOTA Prius,2001
9697УНА,HONDA HR-V,2000
0928УНА,TOYOTA Crown,2002
0718УНА,TOYOTA PREMIO,2004
9721УНА,FOTON BJ4251,2005
0719УНГ,TOYOTA Corolla,2002
4198УНН,TOYOTA Vanguard,2008
0169УНА,TOYOTA Land Cruiser 80,1994
3590УНО,TOYOTA Kluger,2007
2678УНГ,HYUNDAI Grace,1998
1983УНА,TOYOTA Prius,2010
8906УНГ,TOYOTA Land Cruiser 70,2011
9153УНО,HYUNDAI Elantra,1999
6198УНГ,TOYOTA Ipsum,2004
0291УНН,FORD TRANSIT,2007
2643УНГ,TOYOTA PREMIO,2006
1052УНН,GAZ 66,1982
7794УНН,BEIBEN ND3250,2010
0789УНГ,TOYOTA Prius,2008
1149УНГ,TOYOTA Prius,2011
8007УНА,TOYOTA Crown,1996
1788УНГ,TOYOTA Highlander,2007
0590УНГ,HONDA CR-V,2001
8525УНГ,TOYOTA Corolla Axio,2012
1359УНН,NISSAN Bluebird,2000
7011УНН,TOYOTA Ipsum,2001
5200УНГ,TOYOTA Crown,2010
1913УНА,TOYOTA Allion,2003
0687УНГ,HYUNDAI Accent Verna,2001
4551УНГ,TOYOTA Carina,2000
7384УНО,NISSAN DATSUN,1998
5979УНО,HYUNDAI Galloper 2,1997
1942УНГ,HYUNDAI Porter,1998
2078УНО,TOYOTA Prius,2003
6592УНН,TOYOTA Prius,2007
6170УНГ,TOYOTA Prius,2001
9794УНГ,TOYOTA Prius,2008
2536УНН,TOYOTA Gaia,1997
5354УНГ,TOYOTA Corolla Axio,2007
6704УНН,TOYOTA Prius,2002
7160УНО,LEXUS LX570,2008
1138УНО,TOYOTA Crown,2009
6335УНГ,DAIHATSU HIJET,1991
4374УНА,TOYOTA Allion,2004
1916УНО,TOYOTA Land Cruiser 200,2011
2955УНА,KIA Bongo3,2007
9237УНН,FOTON BJ4253,2007
8956УНГ,TOYOTA Corolla,2002
6072УНН,MERCEDES BENZ SPRINTER,2002
5255УНГ,TOYOTA Kluger,2001
6815УНА,TOYOTA Raum,2004
2215УНА,HYUNDAI Sonata6,2007
2810УНГ,VOLVO FH440,2006
2224УНА,LEXUS LX470,2004
1465УНН,HYUNDAI Accent Verna,2003
4521УНН,HONDA FIT,2002
9174УНН,MITSUBISHI MINICAB,1995
1870УНО,KIA FRONTIER,2002
6939УНО,TOYOTA Allion,2007
5153УНН,TOYOTA Ist,2002
9346УНН,YUEJIN NJ1041,2013
9419УНН,BEIBEN ND4251,2011
8424УНО,TOYOTA Land Cruiser 200,2016
6890УНГ,TOYOTA Highlander,2008
7490УНН,TOYOTA Prius,2010
4359УНО,TOYOTA Prius,2007
3014УНО,HYUNDAI Sonata NF,2010
6784УНГ,TOYOTA Prius,2005
8299УНА,TOYOTA Crown,2008
1321УНН,NORTHBENZ ND4250,2010
2380УНН,TOYOTA Harrier,2003
0655УНА,TOYOTA Mark II,2004
7780УНО,NISSAN Advan,2012
8313УНН,TOYOTA Prius,2003
9568УНН,TOYOTA Prius,1999
8980УНГ,SUBARU IMPREZA,2002
0973УНН,TOYOTA Corolla Spacio,2001
5329УНН,SSANGYONG Istana,2000
7971УНГ,HYUNDAI Porter,2000
2451УНГ,HYUNDAI Accent Verna,2000
4038УНН,HYUNDAI Accent Verna,2001
2116УНА,RENAULT MASTER,2000
2243УНА,TOYOTA Prius,2004
5773УНГ,TOYOTA Crown,2004
8247УНО,SUBARU LEGACY,2002
6420УНН,TOYOTA Prius,2001
8552УНО,TOYOTA Ist,2002
1184УНА,TOYOTA Raum,2004
0285УНО,SUZUKI SWIFT,2004
9535УНГ,TOYOTA Prius,2000
8708УНА,TOYOTA Prius,2004
1332УНО,HYUNDAI Sonata5,2001
5138УНГ,BEIJING BJ2022,2016
4053УНА,NISSAN Tiida,2006
8330УНА,NISSAN Tiida,2004
4771УНО,HYUNDAI Sonata6,2006
9214УНГ,TOYOTA Prius,2006
4038УНА,NISSAN NOTE,2006
5235УНА,TOYOTA Allion,2004
4605УНА,TOYOTA PREMIO,2004
2806УНО,NISSAN CEFIRO,1999
0104УНН,LEXUS RX,2005
9894УНГ,TOYOTA Prius,2007
8191УНГ,TOYOTA Prius,2005
5942УНА,TOYOTA Corolla Axio,2007
2686УНГ,TOYOTA Prius,2004
8201УНО,MERCEDES BENZ A160L,2002
8545УНН,TOYOTA Camry,2008
0706УНН,TOYOTA Corolla RunX,2001
4019УНГ,NISSAN Micra,1992
3321УНГ,SHAANXI SX5164,2013
2812УНО,TOYOTA Prius,1998
3985УНО,SSANGYONG ACTYON,2008
1585УНН,TOYOTA SAI,2010
2259УНГ,TOYOTA Raum,2003
7683УНГ,TOYOTA Prius,2001
5079УНО,TOYOTA Ist,2002
9110УНГ,TOYOTA Prius,2009
2117УНА,TOYOTA Prius,2004
5347УНО,TOYOTA Corolla,2002
2650УНН,UAZ 3962,1997
1242УНА,KIA Bongo3,2007
4589УНО,TOYOTA Harrier,2009
5518УНО,SUBARU Sambar,2001
9199УНН,TOYOTA Land Cruiser 100,2003
2670УНО,KIA Bongo3,2009
4105УНН,TOYOTA Prius,2009
7391УНА,HYUNDAI Porter,2003
2356УНГ,TOYOTA Land Cruiser 100,2000
0434УНН,TOYOTA SAI,2010
4743УНГ,TOYOTA Prius,2004
3692УНО,MAZDA Demio,2000
7842УНО,VOLVO FH440,2006
6710УНГ,TOYOTA Crown,2002
4941УНН,TOYOTA Mark II,2000
4421УНН,SHAANXI SX3254,2004
5263УНН,VOLKSWAGEN Touareg,2004
1954УНГ,NISSAN X-Trail,2003
6724УНА,TOYOTA Ist,2004
1789УНО,DAEWOO CIELO,1996
5365УНГ,HYUNDAI Sonata5,2004
5189УНГ,KIA BONGOFRONTIER,1999
2849УНН,NISSAN X-Trail,2001
3725УНН,NISSAN Skyline,2001
3418УНА,TOYOTA Allion,2003
1703УНН,TOYOTA Prius,2005
7031УНО,NISSAN Tino,1999
5297УНН,TOYOTA Prius,2007
7171УНА,BMW X5,2003
3215УНГ,TOYOTA Land Cruiser 200,2011
5415УНГ,DONGFENG XZL5108,2013
5208УНГ,TOYOTA RAV4,2013
9505УНА,TOYOTA Corolla Fielder,2008
1634УНГ,AUDI Q7,2007
0154УНГ,TOYOTA Raum,2000
9064УНГ,TOYOTA Prius,2005
3876УНН,KIA FRONTIER,2001
9212УНГ,HINO RANGER,1990
3062УНО,HYUNDAI Starex,2006
0560УНГ,NISSAN TEANA,2003
9328УНН,TOYOTA Prius,2011
4857УНО,BEIBEN ND4251,2010
8321УНА,SINOTRUK ZZ3257,2013
9691УНГ,TOYOTA Allion,2007
7064УНО,NISSAN NOTE,2007
1992УНГ,SUZUKI JIMNY,2009
9081УНО,MITSUBISHI PAJERO,1999
4319УНН,OPEL MONTEREY,1992
1450УНА,TOYOTA RAV4,2008
9748УНГ,TOYOTA Prius,2007
3099УНГ,TOYOTA Prius,2009
4934УНГ,TOYOTA Ist,2004
8622УНГ,TOYOTA Prius,2006
2854УНН,HYUNDAI Porter,1996
4025УНА,NISSAN X-Trail,2004
6671УНН,TOYOTA Prius,2008
9856УНО,HYUNDAI Accent,1997
9813УНН,TOYOTA Corolla Axio,2007
1874УНО,HONGYAN CQ4243,1993
5609УНН,TOYOTA Corolla,1999
4612УНГ,MITSUBISHI CANTER,1999
0601УНГ,NISSAN CUBE,2001
8697УНН,HYUNDAI Sonata6,2009
6814УНО,HYUNDAI Accent Verna,2002
8056УНН,TOYOTA Corolla Axio,2008
9315УНГ,TOYOTA Prius,2006
5974УНО,TOYOTA Vanguard,2010
8652УНО,KIA RHIN0,1999
2372УНН,HYUNDAI Sonata 2,1998
2618УНГ,TOYOTA Prius,2000
8375УНО,TOYOTA Harrier,2008
1413УНО,TOYOTA Sprinter Marino ,1996
1961УНО,TOYOTA Prius,2004
2033УНА,TOYOTA Prius,2003
0012УНА,HYUNDAI Sonata6,2005
3380УНН,TOYOTA Mark II,2000
9724УНО,HYUNDAI Accent,1995
5879УНО,KIA Bongo,1996
9487УНН,TOYOTA Mark II,2001
3879УНН,TOYOTA Prius,2005
3574УНА,HYUNDAI Sonata5,2004
2416УНН,HYUNDAI PORTER2,2005
3945УНО,TOYOTA Prius,2004
9899УНН,TOYOTA Verossa,2002
0258УНГ,ISUZU Wizard,2001
0732УНН,SUZUKI SWIFT,2004
8219УНН,TOYOTA Prius,2004
3098УНА,KIA FRONTIER,2001
3018УНО,TOYOTA Crown,2004
1797УНГ,HYUNDAI Porter,2003
9186УНА,LEXUS LX470,2005
5192УНН,MITSUBISHI LANCER,2002
6570УНА,DAEWOO REZZO,2000
8089УНО,TOYOTA Prius,2012
8849УНГ,HYUNDAI Grace,2002
7285УНА,NISSAN CARAVAN,2006
4829УНН,HYUNDAI Accent Verna,2001
2735УНА,HONDA FIT,2004
9705УНН,HINO RANGER,1996
2284УНО,SHAANXI SX4255,2013
6029УНГ,TOYOTA Prius,2008
0729УНН,BEIBEN ND3313,2011
1840УНО,HYUNDAI Starex,2006
4858УНГ,TOYOTA Corolla,2001
2289УНА,TOYOTA 4Runner,2006
5961УНО,SUZUKI SWIFT,2001
3849УНГ,TOYOTA Prius,2008
8680УНО,TOYOTA RAV4,2008
7366УНГ,KIA FRONTIER,1997
3405УНН,HYUNDAI Accent Verna,2002
8388УНГ,LEXUS LX570,2017
2114УНН,TOYOTA Prius,2009
4830УНН,HYUNDAI Accent Verna,2000
7375УНО,NISSAN Sunny,2002
9111УНГ,HONDA HR-V,2002
9939УНН,LEXUS LX570,2013
5305УНА,TOYOTA Carina,1999
2423УНН,ISUZU Wizard,1998
7949УНН,HONDA FIT,2004
8400УНН,TOYOTA Crown,2004
5649УНО,TOYOTA PREMIO,2008
7499УНО,TOYOTA Kluger,2002
6502УНА,SUBARU IMPREZA,2004
9509УНН,TOYOTA Prius,2008
7126УНО,DAEWOO TATAF3D4F,2012
8249УНО,TOYOTA Corolla Spacio,2001
2313УНО,PAZ 32053,2011
5278УНГ,HONDA Civic,2000
3853УНН,TOYOTA Passo,2004
2861УНН,KIA FRONTIER,2002
1629УНГ,PAZ 32053,2005
3551УНО,HYUNDAI Porter,2000
7357УНО,HYUNDAI Porter,2003
3667УНО,TOYOTA Prius,2004
5058УНА,TOYOTA Alphard,2003
6993УНН,HYUNDAI SONATA-7,2010
6776УНГ,NISSAN Patrol,2010
3659УНН,TOYOTA Prius,2004
3902УНА,NISSAN Pulsar,2000
4321УНН,TOYOTA Raum,2001
4293УНН,TOYOTA Prius,1999
5293УНА,TOYOTA Allion,2007
2628УНА,HYUNDAI Porter,2003
3851УНН,NISSAN Presage,1999
9720УНО,HYUNDAI Grace,1995
0391УНН,TOYOTA Gaia,2001
4029УНО,MITSUBISHI COLT,2012
4715УНГ,SUBARU Forester,2004
8501УНА,NISSAN WINGROAD,2002
4184УНГ,MITSUBISHI L200,2002
2367УНГ,TOYOTA Hilux,2006
6725УНО,KIA FRONTIER,1999
1089УНО,SUBARU Forester,2002
8240УНН,TOYOTA Allion,2007
5214УНА,TOYOTA Harrier,2006
6027УНГ,HYUNDAI Porter,2003
5101УНН,TOYOTA Land Cruiser 100,2002
3222УНА,NISSAN Tino,2002
6255УНО,HONDA Logo,1999
5476УНН,HYUNDAI Sonata6,2008
5244УНН,HYUNDAI Sonata6,2010
9519УНО,NISSAN Patrol,2010
6144УНО,FAW CA3310,1998
3965УНГ,TOYOTA RAV4,2002
2938УНА,HYUNDAI Starex,2004
8703УНН,FAW CA3512,2011
1747УНО,MERCEDES BENZ A160,1999
5478УНН,TOYOTA Crown,2001
3667УНА,TOYOTA Prius,1999
3450УНГ,SUBARU IMPREZA,2008
0766УНН,HYUNDAI NEWAEROBUS,2009
4533УНО,SSANGYONG Istana,2001
0942УНА,TOYOTA Ist,2004
6027УНА,TOYOTA PROBOX,2005
9568УНА,TOYOTA Prius,2007
6693УНН,TOYOTA ESTIMA,2001
6070УНН,LEXUS LX470,2006
9760УНА,TOYOTA Land Cruiser 200,2013
9555УНН,LEXUS RX 350,2012
7065УНГ,TOYOTA Prius,2001
9405УНО,KIA RHIN0,2002
1759УНА,MITSUBISHI PAJERO,2004
5783УНА,NORTHBENZ ND4250,2008
4039УНА,SUBARU IMPREZA,2004
1569УНА,TOYOTA Prius,1999
1338УНО,TOYOTA Prius,2005
4692УНН,NORTHBENZ ND4250,2010
1148УНГ,TOYOTA Land Cruiser 200,2013
1216УНА,HONDA FIT,2001
6565УНА,HYUNDAI Mighty,1995
2952УНГ,TOYOTA Prius,2007
8683УНА,SUBARU IMPREZA,2004
0312УНА,HYUNDAI Porter,2002
7751УНН,HOWO ZZ1257,2010
5066УНГ,TOYOTA Prius,2000
9000УНА,TOYOTA Mark X,2005
9540УНО,MITSUBISHI RVR,1994
2326УНА,KIA Bongo,2006
6643УНН,TOYOTA ESTIMA,2006
9642УНА,JEA 800 D,2013
4632УНН,NORTHBENZ ND4250,2010
9652УНН,TOYOTA Harrier,2001
7257УНГ,TOYOTA Prius,2005
3432УНО,TOYOTA Prius,2007
2922УНГ,TOYOTA Prius,2009
4541УНО,KIA Spectra,2001
4393УНО,TOYOTA Harrier,2004
1484УНО,HYUNDAI Accent,1994
0307УНГ,LEXUS GX470,2003
4933УНО,TOYOTA corolla-Rumion,2011
3656УНА,KIA Bongo3,2009
8029УНА,VOLKSWAGEN TIGUAN,2011
5534УНГ,TOYOTA Corolla,2003
0341УНН,BEIBEN ND3310,2010
4221УНН,ISUZU BIGHORN,2000
7298УНО,TOYOTA Vitz,2001
8575УНА,HYUNDAI Galloper,1995
0449УНГ,TOYOTA Mark II,2003
0590УНА,TOYOTA Mark II,2003
9497УНН,TOYOTA Prius,2006
9150УНН,KIA BONGOFRONTIER,2001
1521УНГ,MITSUBISHI PAJERO,1995
8432УНА,TOYOTA Prius,2004
0174УНН,NORTHBENZ ND4250,2007
0167УНО,TOYOTA Prius,2006
6068УНА,HYUNDAI SONATA-7,2011
1779УНН,NISSAN Tiida,2005
3739УНГ,TOYOTA Camry,2006
2618УНО,HONDA HR-V,2002
5875УНО,NISSAN X-Trail,2003
9893УНН,NISSAN Sunny,1999
5803УНО,TOYOTA Prius,2010
1464УНА,TOYOTA Prius,2007
9006УНА,TOYOTA Verossa,2003
9127УНА,TOYOTA Kluger,2004
1571УНА,HYUNDAI Accent Verna,2000
1353УНГ,HYUNDAI Porter,2002
6908УНГ,TOYOTA Allion,2003
1266УНО,TOYOTA Prius,2005
2031УНА,TOYOTA Prius,2010
6539УНА,TOYOTA Crown,2001
4364УНГ,HYUNDAI SONATA-7,2010
8513УНН,HYUNDAI Grace,1996
6540УНО,TOYOTA ToyoAce,2000
1376УНА,SUBARU Forester,2004
4607УНА,HYUNDAI Accent Verna,2003
3244УНН,HYUNDAI Starex,2011
9392УНГ,HYUNDAI Sonata6,2007
7437УНО,TOYOTA Prius,2004
2970УНГ,CHEVROLET CAPTIVA,2012
0780УНГ,TOYOTA Prius,2006
6775УНН,HOWO XT5254,2011
3897УНО,TOYOTA PROBOX,2011
7003УНГ,TOYOTA Prius,2002
7259УНН,HYUNDAI Grace,2001
7045УНО,TOYOTA Prius,2005
8734УНА,TOYOTA Corolla,2004
4345УНА,TOYOTA Prius,2005
7697УНН,SUBARU Sambar,1993
7473УНГ,HYUNDAI Atoz,2002
9427УНО,NISSAN Pulsar,1999
1974УНА,TOYOTA Highlander,2007
6797УНН,NISSAN Bluebird,2001
3878УНА,LEXUS LX570,2008
4542УНО,HYUNDAI Sonata6,2009
8174УНО,DONGFENG XKC5311,2004
4425УНА,HYUNDAI Santamo,1999
5156УНН,TOYOTA Prius,2003
6743УНА,HYUNDAI Porter,2001
9773УНН,MAZDA Demio,2003
2252УНО,HYUNDAI SONATA-7,2012
5258УНА,TOYOTA Land Cruiser 100,1998
1741УНН,TOYOTA Camry,2006
5717УНО,TOYOTA Ist,2002
9477УНО,TOYOTA Camry,2012
7409УНГ,TOYOTA Prius,2010
0484УНН,TOYOTA Mark II,2003
2057УНГ,TOYOTA Crown,2009
7663УНГ,TOYOTA Prius,1999
0015УНГ,MERCEDES BENZ E230,1996
1249УНГ,TOYOTA Prius,2003
6665УНА,TOYOTA Prius,2000
9470УНГ,TOYOTA Prius,2005
1639УНА,TOYOTA Prius,2002
7870УНГ,MERCEDES BENZ C180,2001
7687УНА,MITSUBISHI COLT,2011
1898УНГ,TOYOTA Land Cruiser 200,2016
8923УНГ,SUZUKI SWIFT,2003
5401УНН,TOYOTA Prius,2007
3673УНГ,TOYOTA Ist,2002
8427УНГ,TOYOTA Allion,2004
9969УНГ,TOYOTA Land Cruiser 200,2016
9812УНН,SUZUKI SWIFT,2001
0637УНО,VOLVO VN660,2000
0899УНН,LEXUS HS250,2010
7084УНГ,HYUNDAI MIGHTYII,2002
4756УНА,HYUNDAI HD-270,2002
8847УНА,TOYOTA Corolla Axio,2007
0249УНГ,TOYOTA Prius,2008
1929УНО,TOYOTA Raum,2003
9727УНГ,TOYOTA Allion,2004
2700УНА,LEXUS LX570,2013
1928УНН,HYUNDAI PORTER2,2008
8328УНА,TOYOTA Vitz,2011
7327УНО,TOYOTA Prius,2007
5536УНГ,MAZDA Familia,2003
9664УНО,HYUNDAI Accent Verna,2001
5246УНН,HYUNDAI SONATA-YF,2010
3251УНГ,HYUNDAI Accent,1997
9627УНО,NORTHBENZ ND4250,2008
7909УНА,NISSAN WINGROAD,2004
8490УНА,TOYOTA Prius,2004
5904УНО,KIA RHIN0,1994
7640УНА,TOYOTA Mark II,2001
4271УНА,GAZ 69а,1900
2071УНА,HINO KL-FR2PPGA,2005
0584УНО,HYUNDAI Sonata NF,2009
1893УНА,KIA Bongo3,2006
6745УНГ,TOYOTA Prius,2004
5209УНА,TOYOTA Prius,2004
4786УНН,TOYOTA Prius,2011
0758УНН,TOYOTA Prius,2006
8892УНГ,HYUNDAI Starex,2008
0771УНО,TOYOTA Land Cruiser Prado,2002
5889УНО,TOYOTA WiLL,2002
1377УНО,HYUNDAI Grace,1999
2104УНА,TOYOTA Prius,2006
4874УНГ,HYUNDAI Sonata6,2005
3135УНА,TOYOTA Prius,2005
0011УНГ,TOYOTA Land Cruiser 200,2012
2938УНН,HONDA Civic,2001
2189УНН,HYUNDAI Accent Verna,2002
1989УНО,HONDA FIT,2002
4437УНО,KIA WIDEBONGO,1995
3308УНГ,TOYOTA Corolla Axio,2008
9306УНА,TOYOTA Ist,2004
5169УНН,TOYOTA Harrier,2005
8868УНН,HYUNDAI SONATA-7,2010
4378УНА,MAZDA Tribute,2000
5689УНО,TOYOTA Allex,2001
6008УНН,TOYOTA Prius,2004
5626УНА,TOYOTA Prius,2009
8604УНА,HYUNDAI Porter,1997
1601УНН,UAZ 22069-03,2003
2481УНО,FOTON BJ4253,2007
1561УНО,TOYOTA Ractis,2010
1045УНГ,TOYOTA Carina,2000
8463УНА,TOYOTA Progres,1999
4232УНО,TOYOTA Prius,2001
9762УНО,NISSAN Sunny,2000
7420УНН,HYUNDAI Starex,2011
7559УНН,TOYOTA ESTIMA,2003
9302УНН,DAEWOO ULTRANOVUS,1997
4341УНН,GAZ 66,1980
3044УНГ,MITSUBISHI MINICAB,2002
0863УНН,HYUNDAI Accent Verna,2000
8110УНН,TOYOTA Prius,2003
4819УНО,BEIBEN ND4251,2010
4526УНН,FAW CA3252,2010
2847УНГ,HYUNDAI Porter,1999
7615УНА,TOYOTA Prius,1998
9052УНО,TOYOTA Alphard,2006
2594УНО,TOYOTA Prius,2001
7173УНН,TOYOTA Harrier,2001
1208УНН,TOYOTA Prius,2011
9136УНО,KIA FRONTIER,2002
9270УНН,NORTHBENZ ND4250,2010
8575УНГ,TOYOTA Prius,1999
7212УНА,NISSAN X-Trail,2004
8255УНО,TOYOTA PREMIO,2007
1341УНА,JEEP WRANGLER,2013
3605УНО,HONDA FIT,2009
5777УНГ,LEXUS LX470,2000
1733УНО,NISSAN Sunny,1998
9377УНГ,TOYOTA Prius,2008
7501УНО,MITSUBISHI CANTER,2002
2454УНН,TOYOTA Corolla,2002
1941УНА,TOYOTA Gaia,2001
6119УНН,TOYOTA RAV4,2007
3599УНО,TOYOTA Hiace,2001
0601УНО,SUBARU Forester,2002
2522УНА,CHEVROLET Tahoe,2006
1869УНО,TOYOTA Raum,1999
9450УНО,TOYOTA Prius,2004
0753УНН,KIA BONGOFRONTIER,2001
1347УНН,TOYOTA Prius,2010
3144УНА,TOYOTA Camry,2007
3813УНГ,TOYOTA Prius,2006
4924УНО,TOYOTA Prius,2004
2442УНО,MERCEDES BENZ E350,2006
0399УНА,NISSAN X-Terra,2002
0888УНГ,TOYOTA Land Cruiser Prado,2008
9405УНГ,HYUNDAI Porter,2000
0543УНГ,TOYOTA Prius,2005
5775УНА,TOYOTA Carina,1999
1988УНА,TOYOTA Prius,2007
6543УНН,TOYOTA Prius,2010
3545УНН,TOYOTA Prius,2008
3899УНО,KIA K5,2012
5529УНО,TOYOTA Land Cruiser 80,1993
2547УНО,KIA FRONTIER,1999
7105УНО,KIA FRONTIER,2003
6475УНН,TOYOTA Raum,2001
2782УНГ,TOYOTA Prius,2006
5674УНА,KIA FRONTIER,2003
1853УНА,HYUNDAI Porter,2003
8467УНН,KIA BONGOFRONTIER,2000
7790УНН,TOYOTA Prius,2008
7739УНО,TOYOTA PREMIO,2007
4946УНГ,HONDA HR-V,2000
9910УНО,TOYOTA Harrier,2002
4013УНГ,TOYOTA Corolla Spacio,2002
8121УНА,TOYOTA Mark II,2002
8635УНН,TOYOTA Corolla,2003
2420УНО,SUBARU IMPREZA,2007
1505УНГ,HYUNDAI Porter,1998
1476УНО,TOYOTA Prius,2011
2493УНН,SUBARU IMPREZA,1994
4049УНН,MAZDA Familia,2000
8854УНГ,TOYOTA Prius,2010
8802УНН,NISSAN Patrol,2010
7108УНН,TOYOTA Vitz,2001
7754УНА,TOYOTA Raum,1998
3617УНГ,TOYOTA Prius,2008
3940УНГ,TOYOTA Corolla Fielder,2002
9295УНА,TOYOTA ESTIMA,2001
3826УНО,BEIBEN ND3253,2010
8791УНО,HYUNDAI Accent Verna,2001
3888УНО,LEXUS GX470,2003
9176УНГ,MITSUBISHI MINICAB,1989
0708УНН,TOYOTA Harrier,2005
4612УНН,TOYOTA Prius,2006
6431УНН,TOYOTA Raum,2001
1227УНН,MAZDA Familia,2001
2607УНО,TOYOTA Prius,2004
9135УНГ,HYUNDAI HD320,2013
5982УНГ,TOYOTA MARK-X-ZIO,2008
9942УНГ,MERCEDES BENZ S500L,2013
1120УНО,TOYOTA Prius,2007
8075УНН,TOYOTA Land Cruiser 100,2004
9194УНО,HYUNDAI Starex,2007
2974УНО,HYUNDAI Sonata6,2008
8936УНН,TOYOTA Land Cruiser 80,1995
6150УНН,HONDA Civic,2001
4710УНА,TOYOTA Land Cruiser 80,1995
1018УНО,TOYOTA RAV4,2001
7912УНО,KIA PREGIO,2003
2545УНА,LEXUS LX470,2006
7206УНО,TOYOTA Camry,2002
2159УНГ,TOYOTA Prius,2002
8278УНГ,TOYOTA Prius,2000
3675УНО,NISSAN NOTE,2008
3045УНН,HYUNDAI Sonata5,2003
0552УНГ,TOYOTA Prius,2003
3253УНО,HYUNDAI Excel,1991
8834УНО,TOYOTA Vitz,1999
6405УНА,TOYOTA Crown,2008
4357УНА,HYUNDAI Porter,1999
9910УНГ,TOYOTA Allion,2008
9116УНГ,HYUNDAI Mighty,2000
2077УНГ,TOYOTA Prius,2003
9114УНГ,TOYOTA Prius,2008
1344УНО,TOYOTA Prius,2008
2359УНН,HYUNDAI Sonata6,2009
5926УНГ,SHAANXI SX5164,2013
7444УНО,LEXUS LX470,2005
8218УНО,ISUZU ELF,1994
9249УНА,TOYOTA Prius,2004
2019УНН,TOYOTA Prius,2010
6098УНО,TOYOTA Corolla,2002
3063УНО,TOYOTA Land Cruiser 70,1993
8779УНГ,TOYOTA Allion,2002
5631УНН,HYUNDAI Accent Verna,2002
1500УНА,LEXUS LX470,2007
6691УНН,KIA Spectra,2001
4942УНН,MAZDA Demio,2004
5138УНО,SUBARU Forester,2002
0595УНГ,TOYOTA Raum,2000
1155УНА,TOYOTA Progres,1998
9065УНГ,MITSUBISHI PAJERO,2004
3193УНН,NORTHBENZ ND4250,2010
1676УНО,TOYOTA Crown,2008
7692УНО,SUBARU Forester,2004
7237УНО,TOYOTA Mark II,2004
8352УНН,HYUNDAI Grace,1996
3403УНА,TOYOTA Prius,2008
4904УНН,MITSUBISHI PAJERO,2008
6885УНО,KIA FRONTIER,2000
9632УНГ,TOYOTA Mark II,2004
5030УНГ,TOYOTA Carina,2000
5340УНГ,FORLAND BJ1043,2013
4815УНГ,SUBARU Sambar,1997
7865УНГ,TOYOTA Ist,2002
1405УНА,TOYOTA Alphard,2003
2079УНН,TOYOTA Prius,2009
4185УНН,MAZDA Titan,2003
2888УНН,LEXUS LX470,2006
8950УНН,TOYOTA Harrier,2000
4161УНА,TOYOTA Land Cruiser Prado,2004
5576УНО,LANDROVER DISCOVERY,2002
8754УНО,NISSAN JUKE,2011
5686УНА,HYUNDAI TANKLORRY,1996
4388УНН,TOYOTA Camry,2008
4839УНН,TOYOTA Prius,2007
3410УНА,SSANGYONG MUSSO,2003
4084УНА,TOYOTA Camry,2011
3153УНГ,TOYOTA Mark II,2000
1463УНА,HYUNDAI Sonata6,2006
5193УНО,TOYOTA Prius,2000
2765УНО,FOTON BJ4253,2007
5808УНО,HONDA Civic,2002
7287УНГ,TOYOTA Prius,2003
4069УНГ,TOYOTA Land Cruiser 80,1995
5731УНО,HONDA FIT,2002
0734УНН,TOYOTA Prius,2011
3427УНГ,HYUNDAI Accent Verna,2002
6821УНН,NISSAN Sunny,2001
5234УНГ,TOYOTA Corolla,2001
1805УНО,TOYOTA Prius,2010
2509УНА,TOYOTA Land Cruiser 200,2013
1165УНА,TOYOTA PREMIO,2007
8817УНО,TOYOTA Prius,2010
2755УНГ,TOYOTA Prius,2010
9370УНО,TOYOTA Land Cruiser Prado,1997
7389УНН,TOYOTA Land Cruiser 80,1993
4532УНО,TOYOTA Ist,2009
7670УНН,NISSAN NOTE,2005
1595УНО,TOYOTA Mark II,2003
1704УНО,HYUNDAI Sonata6,2006
6804УНН,HINO DUTRO,2010
5184УНН,TOYOTA PREMIO,2005
5367УНГ,HYUNDAI Sonata5,2005
5496УНГ,HYUNDAI Accent Verna,2002
2998УНН,TOYOTA Mark II Grande,2003
9007УНА,TOYOTA Prius,2004
5046УНН,TOYOTA Duet,2004
7703УНГ,SSANGYONG Istana,1997
3226УНА,KIA Bongo,1997
1957УНО,TOYOTA Prius,2002
0335УНН,HYUNDAI Sonata6,2009
2183УНН,TOYOTA NOAH,2002
2171УНА,TOYOTA Corsa,1999
6835УНН,DAEWOO Matiz,2005
6398УНО,TOYOTA Windom,2001
2026УНГ,DAF FT105-510,2008
4542УНГ,DAIHATSU TERIOS,2004
8959УНА,TOYOTA Sprinter,1998
1319УНА,TOYOTA Crown,2007
6578УНН,TOYOTA Platz,2001
1482УНН,TOYOTA Vitz,2007
3749УНН,HYUNDAI Accent Verna,2001
3865УНН,HYUNDAI TRUCK,1993
8163УНГ,LEXUS LX470,1999
5523УНГ,HYUNDAI Porter,1998
2570УНН,MITSUBISHI CANTER,1996
4671УНГ,NISSAN Sunny,1999
0902УНА,NISSAN Tiida,2005
7677УНГ,MERCEDES BENZ G500,2002
4530УНО,TOYOTA ToyoAce,2001
1356УНН,MITSUBISHI CANTER,1997
5204УНГ,TOYOTA Prius,2005
1204УНН,TOYOTA Mark II,2001
9120УНА,TOYOTA ESTIMA,2008
0439УНА,TOYOTA Prius,2000
1660УНА,TOYOTA Prius,2003
9943УНА,HYUNDAI Starex,2004
6292УНН,TOYOTA Crown,2002
5256УНН,TOYOTA Carina,2001
2287УНГ,LEXUS HS250,2010
2224УНО,HONDA Civic,2002
5066УНО,TOYOTA Harrier,2001
3081УНГ,ZIL 130,1982
7665УНО,TOYOTA Prius,2005
1234УНН,HYUNDAI Tucson,2014
6090УНА,TOYOTA Land Cruiser 80,1995
5306УНН,KIA Lotze,2008
3168УНО,TOYOTA PREMIO,2008
7229УНГ,HYUNDAI Porter,2000
1670УНН,TOYOTA Prius,2008
0544УНА,HONDA Civic,2005
0737УНГ,HYUNDAI SONATA-YF,2012
1113УНО,TOYOTA Crown,2003
0545УНО,MITSUBISHI PAJERO,2001
7226УНГ,HYUNDAI Porter,1997
8680УНА,TOYOTA Prius,2008
2849УНА,TOYOTA Corona,1999
4824УНГ,TOYOTA Prius,2004
8179УНА,TOYOTA Prius,2002
1002УНО,TOYOTA Crown,2002
5168УНН,CHEVROLET Trail Blazer,2014
6471УНГ,TOYOTA Mark II,1999
8862УНГ,HYUNDAI Mighty,2003
2119УНА,TOYOTA Harrier,2005
7159УНА,TOYOTA Prius,2007
3199УНА,TOYOTA Kluger,2004
3108УНГ,TOYOTA Prius,2007
2564УНА,TOYOTA Prius,2000
5052УНГ,TOYOTA WISH,2003
1253УНО,ZIL 130,1989
7966УНА,HYUNDAI Avante,2009
4715УНО,DAEWOO Damas,2010
4925УНН,TOYOTA Land Cruiser 70,2009
5571УНН,NISSAN Primera,2002
8293УНГ,HYUNDAI SONATA-YF,2011
4439УНН,TOYOTA corolla-Rumion,2007
8042УНА,HYUNDAI Starex,2006
9003УНО,TOYOTA Prius,2006
3569УНО,TOYOTA Mark II,1997
8727УНО,DONGFENG EQ5040,2011
0735УНО,TOYOTA Prius,1999
5329УНГ,HYUNDAI Porter,2005
5876УНН,MERCEDES BENZ S600,2001
9051УНН,TOYOTA Prius,2010
5029УНО,BMW 520,2008
3966УНГ,SUBARU Forester,2008
5389УНА,TOYOTA Prius,2008
6451УНА,TOYOTA Hilux,1990
5866УНГ,TOYOTA Alphard,2005
0244УНО,LEXUS GS450H,2008
5309УНГ,TOYOTA Duet,2000
4369УНН,TOYOTA Crown,2005
0565УНО,TOYOTA Harrier,2005
0759УНН,MITSUBISHI LANCER,2001
3347УНО,TOYOTA Land Cruiser 80,1995
0939УНО,TOYOTA Prius,2010
1794УНО,MAZDA VERISA,2007
2409УНО,FOTON BJ4253,2010
1378УНН,SINOTRUK ZZ3257,2007
2121УНО,HYUNDAI Accent Verna,2002
3917УНГ,KIA BONGOFRONTIER,2000
1254УНО,ZIL 130,1982
9126УНО,TOYOTA Prius,2001
8155УНО,TOYOTA Prius,2004
2071УНО,MITSUBISHI COLT,2007
8858УНА,HYUNDAI Tucson,2004
8442УНО,ASIAMOTORS GRANTO,1995
3900УНН,LEXUS LX470,1999
2715УНО,NISSAN Advan,2010
3182УНО,HYUNDAI Accent Verna,2002
3097УНА,TOYOTA Land Cruiser 200,2010
4064УНО,DAEWOO ULTRANOVUS,1997
7333УНО,TOYOTA Land Cruiser 200,2010
2690УНО,FOTON BJ4253,2007
7992УНО,TOYOTA Harrier,2004
9389УНН,MITSUBISHI FUSO,2001
1051УНА,TOYOTA Prius,2004
6367УНН,NISSAN VANNETE,2004
6303УНН,TOYOTA Prius,2005
0631УНН,BEIBEN ND4251,2010
6023УНО,VOLKSWAGEN PASSAT,2004
8241УНГ,FAW CA1310,2013
0602УНГ,TOYOTA Prius,1998
9295УНО,TOYOTA Mark X,2006
9575УНН,TOYOTA Prius,2010
0043УНО,TOYOTA Mark II,2004
0215УНО,SUBARU Forester,2005
4010УНГ,TOYOTA Prius,2003
9464УНН,BEIBEN ND4251,2011
6207УНА,TOYOTA Prius,2010
6288УНО,TOYOTA Prius,2011
7204УНГ,TOYOTA Prius,2006
3352УНА,NISSAN Sunny,1998
2056УНА,NORTHBENZ ND4250,2010
2382УНН,ISUZU ELF,2000
4086УНГ,TOYOTA Prius,2004
7938УНО,NISSAN Sunny,2003
0559УНГ,LEXUS LX570,2017
6246УНО,HYUNDAI Accent,1998
9233УНО,HYUNDAI Accent,1994
6971УНО,TOYOTA Ist,2002
9264УНА,NISSAN NOTE,2011
3092УНГ,TOYOTA Prius,2007
6789УНА,MERCEDES BENZ G500,2012
1303УНО,NORTHBENZ ND4182,2007
8428УНГ,NISSAN Sunny,1999
1842УНН,TOYOTA Carina,1998
5475УНГ,HYUNDAI Porter,2000
9469УНГ,TOYOTA Prius,2004
0225УНА,SSANGYONG REXTON,2003
8031УНО,NISSAN NAVARA,2010
8444УНН,HYUNDAI Grace,2001
0863УНГ,HYUNDAI Grace,2002
0532УНГ,TOYOTA Harrier,2005
8549УНО,HYUNDAI Porter,2000
0677УНА,MERCEDES BENZ C200,2004
0419УНН,TOYOTA Mark II,2002
6445УНН,LEXUS RX 350,2009
8418УНА,HINO RANGER,2005
4116УНА,TOYOTA Camry,2006
3175УНГ,HINO RANGER,1993
8041УНА,CHEVROLET CRUZE,2004
9338УНО,TOYOTA Cresta,1995
6754УНО,BEIBEN ND1250,2007
5043УНА,FOTON BJ5258,2014
0812УНО,TOYOTA Prius,2008
2248УНО,LEXUS LX470,2007
4423УНГ,HYUNDAI Sonata NF,2009
9881УНН,TOYOTA Corolla,2002
3784УНГ,TOYOTA Ist,2002
4863УНН,HYUNDAI Starex,2011
1411УНГ,TOYOTA Mark II,1998
0032УНН,TOYOTA Highlander,2008
8420УНА,TOYOTA Prius,2010
9543УНА,TOYOTA Prius,1998
4279УНН,KIA CERES,1996
2976УНО,KIA Trade,1998
1969УНГ,TOYOTA Hilux,2004
5377УНН,TOYOTA Cami,2001
1380УНА,TOYOTA Land Cruiser 80,1996
6844УНО,HONDA INSIGHT,2009
4604УНА,TOYOTA Prius,2008
2862УНН,TOYOTA Prius,2004
6066УНГ,TOYOTA Ist,2002
1023УНГ,SUZUKI SWIFT,2001
6755УНА,MITSUBISHI DELICA,2003
2313УНГ,TOYOTA Prius,2000
5477УНН,HYUNDAI Libero,2002
2759УНА,TOYOTA Prius,2008
9099УНА,VOLKSWAGEN Touareg,2005
5526УНГ,TOYOTA Carina,2001
5323УНО,SUZUKI SWIFT,2004
3247УНГ,TOYOTA Prius,2006
8309УНА,TOYOTA Prius,2004
2008УНО,FAW QY5820,2008
6464УНА,FORD Excursion,2003
4813УНН,HYUNDAI Accent Verna,2002
3138УНГ,TOYOTA Vitz,2000
0823УНО,TOYOTA Carina,2001
4124УНА,TOYOTA Prius,2004
5832УНО,ISUZU ELF,2003
7128УНА,HYUNDAI Tucson,2013
1721УНН,ISUZU ELF,1999
4083УНН,KIA BONGOFRONTIER,2005
1945УНГ,TOYOTA Vitz,2004
3209УНО,HONDA HR-V,2001
4908УНГ,HONDA Civic,2003
2140УНА,ISUZU ELF,2006
1493УНГ,HYUNDAI Starex,2003
3375УНГ,HONDA FIT,2003
5791УНА,HYUNDAI Porter,2008
3670УНН,TOYOTA Prius,2005
0903УНО,HYUNDAI Grace,2001
2056УНГ,HYUNDAI Sonata6,2010
8072УНА,TOYOTA Corolla,2006
6265УНА,VOLKSWAGEN TIGUAN,2011
8624УНО,SUZUKI SWIFT,2006
3480УНА,SUZUKI GRANDVITARA,2012
9023УНН,TOYOTA Camry,2004
2520УНО,TOYOTA Ist,2002
0484УНО,LEXUS LX570,2011
1977УНО,TOYOTA PROBOX,2004
6628УНА,TOYOTA Ist,2003
4432УНО,ISUZU CXZ81K,2003
7470УНО,TOYOTA Prius,2011
5451УНН,KAMAZ 43105,1981
8950УНО,HONDA Civic,2002
5580УНА,BMW X3,2008
9098УНН,NISSAN X-Trail,2001
9579УНО,MITSUBISHI DINGO,1999
2003УНО,SUZUKI SWIFT,2002
4562УНО,TOYOTA Land Cruiser 80,1997
2369УНГ,HYUNDAI Sonata NF,2008
0548УНО,KIA BONGOFRONTIER,2003
5451УНО,JINBEI HAISE,2008
1826УНО,TOYOTA Prius,2007
9228УНГ,MAZDA Familia,2001
4724УНА,NISSAN X-Trail,2003
6901УНА,HYUNDAI Accent,1999
1518УНА,TOYOTA Corolla,2004
2412УНА,KIA SORENTO,2002
1422УНА,TOYOTA Prius,2008
3510УНН,TOYOTA Harrier,2008
8544УНН,HYUNDAI Porter,2002
8465УНН,TOYOTA Mark II,2002
3367УНН,VOLKSWAGEN PASSAT,2012
4278УНО,TOYOTA Prius,2010
0863УНО,ISUZU ELF,1990
2645УНН,TOYOTA Prius,2006
3468УНГ,HONDA Civic,2001
2368УНО,TOYOTA Prius,2002
3384УНО,ZIL 131,1982
0775УНГ,TOYOTA Prius,2006
2619УНО,HYUNDAI Starex,2005
2434УНН,SHAANXI SX3254,2011
3460УНН,NISSAN March,1996
3494УНО,BEIBEN ND4251,2010
9193УНА,TOYOTA Harrier,2004
0322УНА,MITSUBISHI PAJERO,2008
1155УНН,TOYOTA Mark II,2004
2288УНГ,MITSUBISHI DELICA,1994
1892УНГ,TOYOTA Land Cruiser 200,2015
4866УНН,KIA FRONTIER,2003
8511УНА,TOYOTA Corolla,2004
5457УНГ,SUBARU Forester,2008
7897УНО,HYUNDAI Accent,1994
3668УНН,TOYOTA Hilux,2002
7900УНО,TOYOTA Prius,2009
1186УНН,NISSAN Advan,2010
7443УНО,STAR SX5254,2013
4915УНН,BEIBEN ND4190,2010
9776УНН,HONGYAN CQ3254,2010
5614УНГ,HYUNDAI Porter,2003
3587УНГ,MITSUBISHI CANTER,2000
2872УНН,HYUNDAI Porter,2000
3479УНГ,KIA FRONTIER,2003
2055УНГ,HYUNDAI Grace,1999
0304УНГ,HONDA Civic,2000
3169УНН,NORTHBENZ ND4250,2010
3932УНА,TOYOTA Prius,2007
5556УНА,TOYOTA Land Cruiser Prado,2003
1652УНГ,TOYOTA Prius,2005
7560УНГ,HYUNDAI Grandeur,2002
7916УНГ,TOYOTA Prius,2004
3229УНГ,HONDA Acura,2006
4871УНН,SINOTRUK ZZ3257,2007
1451УНА,KAMAZ 5511,1974
4820УНА,TOYOTA Raum,1998
5459УНН,HYUNDAI Accent Verna,2001
4206УНО,TOYOTA Voltz,2003
1287УНН,NISSAN DATSUN,1997
0464УНО,KIA BONGOFRONTIER,2002
7211УНГ,NISSAN WINGROAD,2005
5733УНГ,NISSAN Advan,2011
0065УНО,TOYOTA Land Cruiser 200,2010
3233УНО,TOYOTA Crown,2008
2956УНГ,KIA Bongo,2007
8772УНН,LEXUS GS450H,2006
9562УНО,HYUNDAI Sonata6,2010
8447УНН,NISSAN CEFIRO,2000
5013УНГ,TOYOTA Hiace,1993
4590УНГ,TOYOTA Prius,2008
4632УНО,BEIBEN ND3250,2010
6901УНН,BEIBEN ND4251,2010
4080УНО,SINOTRUK ZZ3255,2007
3676УНО,TOYOTA Prius,2008
5758УНО,NISSAN Laurel,2001
2177УНГ,TOYOTA Allion,2007
2381УНА,BEIBEN ND4251,2017
2200УНГ,TOYOTA RAV4,2006
3997УНА,TOYOTA Prius,2010
5679УНА,HYUNDAI Sonata6,2009
8299УНН,TOYOTA Corolla Spacio,2001
5280УНГ,HYUNDAI Porter,2004
0084УНО,VOLKSWAGEN Touareg,2010
2011УНГ,TOYOTA Land Cruiser 100,2000
9900УНО,TOYOTA Mark II,2000
0124УНГ,TOYOTA Allion,2007
1763УНН,HONDA CR-V,2001
8482УНО,HYUNDAI Grace,2003
7786УНА,TOYOTA Crown,2005
1645УНА,SUBARU Forester,2004
8186УНО,HYUNDAI Sonata6,2007
2356УНА,VOLKSWAGEN Touareg,2006
2373УНН,TOYOTA Prius,2004
5176УНН,SINOTRUK ZZ3257,2011
1185УНН,TOYOTA Corolla Spacio,2001
1274УНГ,NISSAN Atlas,1995
7515УНН,HYUNDAI HD1000,2008
3547УНО,TOYOTA Prius,2003
1337УНО,HYUNDAI Porter,1995
3574УНН,TOYOTA Allex,2001
9608УНН,NISSAN NAVARA,2009
3922УНА,HYUNDAI Mighty,2006
7021УНО,HOWO ZZ4253,2011
1708УНА,HYUNDAI Porter,1998
4483УНО,TOYOTA Raum,2004
2933УНА,TOYOTA PROBOX,2003
2107УНО,HYUNDAI Porter,2004
2300УНО,FOTON BJ4253,2007
3368УНН,TOYOTA Corolla RunX,2001
2262УНГ,HYUNDAI Accent,1997
5235УНН,MITSUBISHI AIRTREK,2001
5958УНА,TOYOTA Crown,2003
5225УНН,TOYOTA Highlander,2009
2941УНГ,TOYOTA Ist,2002
7045УНН,NISSAN March,2001
4264УНГ,TOYOTA Prius,2005
2013УНН,HYUNDAI Porter,1996
5183УНГ,HYUNDAI PORTER2,2005
5942УНО,SINOTRUK ZZ3257,2011
0387УНН,TOYOTA corolla-Rumion,2008
7964УНГ,DAIHATSU HIJET,1993
1453УНГ,HYUNDAI Starex,2003
6660УНГ,TOYOTA Harrier,2005
7059УНН,HYUNDAI Accent Verna,2001
0031УНН,TOYOTA Camry,2004
5412УНА,TOYOTA Mark II,2004
2368УНН,TOYOTA Hilux,2002
3180УНГ,HONDA Civic,2005
4483УНН,MAZDA Demio,2001
7909УНН,TOYOTA Corolla Spacio,2001
8394УНО,TOYOTA Prius,2003
4083УНА,TOYOTA Ist,2004
8214УНО,TOYOTA Corolla,2005
5506УНО,TOYOTA Mark II Grande,2004
3747УНН,TOYOTA Corolla,2002
4122УНГ,HYUNDAI Sonata6,2007
7995УНН,TOYOTA Land Cruiser Prado,2003
9523УНГ,HYUNDAI Accent,1997
9480УНО,HYUNDAI PORTER2,2004
2043УНН,TOYOTA Raum,2000
2836УНН,NISSAN X-Trail,2005
6331УНН,KIA Bongo3,2005
1795УНГ,TOYOTA Prius,2008
0511УНГ,LEXUS RX,2004
6934УНА,HYUNDAI Starex,2002
2358УНГ,TOYOTA Allion,2004
2887УНГ,SINOTRUK ZZ3257,2013
0041УНН,TOYOTA Cresta,1995
5859УНГ,LEXUS RX 350,2009
1850УНГ,NISSAN Patrol,2008
9437УНГ,HYUNDAI MIGHTYII,2004
2608УНО,HYUNDAI Grace,2003
4326УНН,TOYOTA Land Cruiser 70,2010
3714УНГ,MITSUBISHI FUSO,2003
8868УНО,TOYOTA Prius,2005
7889УНА,TOYOTA Brevis,2001
8498УНО,TOYOTA Prius,2010
9168УНН,KIA BONGOFRONTIER,2004
8265УНО,KIA Trade,1998
7836УНО,VOLVO FH440,2008
9802УНН,TOYOTA Land Cruiser 100,1998
5275УНН,TOYOTA Prius,2000
9246УНН,NORTHBENZ ND4250,2010
6455УНО,TOYOTA Prius,2011
7134УНА,HONDA CR-V,2006
1607УНА,TOYOTA Corolla Spacio,2004
1119УНГ,SSANGYONG Istana,2002
7421УНА,HONDA Civic,2002
7854УНН,TOYOTA Prius,2004
2177УНО,TOYOTA Land Cruiser 200,2017
4499УНГ,TOYOTA Land Cruiser 200,2015
9090УНА,TOYOTA Mark II,2000
0800УНА,LEXUS RX450H,2011
2680УНА,DAEWOO RB58D1,1997
0820УНГ,TOYOTA Prius,2006
7395УНО,TOYOTA Voltz,2002
5571УНГ,TOYOTA Mark II,2002
6376УНА,HYUNDAI Porter,1999
8084УНГ,SAMSUNG QM5,2009
5269УНН,NISSAN X-Trail,2003
6283УНГ,TOYOTA Chaser,1999
8270УНО,HONDA INSIGHT,2009
6658УНГ,TOYOTA Prius,2011
4872УНА,SUBARU Forester,2004
3364УНО,NISSAN X-Trail,2001
9791УНН,NISSAN Tiida,2005
3099УНА,LEXUS GX470,2006
0963УНГ,MAZDA Demio,2001
9915УНА,TOYOTA Crown,2006
9095УНА,TOYOTA RAV4,1996
8965УНА,TOYOTA PROBOX,2003
0466УНО,TOYOTA Crown,2002
4803УНО,BEIBEN ND4251,2010
8305УНН,TOYOTA Land Cruiser 80,1996
1737УНА,TOYOTA Harrier,2005
5210УНО,DAEWOO BS090,2005
7120УНА,TOYOTA Crown,2005
1647УНГ,TOYOTA Alphard,2003
0866УНН,TOYOTA Prius,2005
6342УНГ,HYUNDAI Porter,1997
6109УНО,TOYOTA Prius,2005
0983УНН,TOYOTA Kluger,2001
3189УНА,TOYOTA PREMIO,2004
4630УНГ,HONDA HR-V,2004
1344УНН,TOYOTA Land Cruiser 100,1999
6187УНА,TOYOTA Prius,2008
9634УНН,NORTHBENZ ND4190,2007
6710УНА,HOWO ND4254,2010
2405УНО,HYUNDAI Santa Fe,2000
7046УНГ,TOYOTA Corolla Axio,2007
6111УНГ,TOYOTA Prius,2004
7890УНН,TOYOTA Crown,2003
9777УНА,HYUNDAI Accent,1999
1739УНГ,HOWO LZZ3257,2007
1663УНО,UAZ 31512,1987
3809УНО,HYUNDAI Sonata5,2005
4903УНН,BEIBEN ND4190,2010
4566УНН,TOYOTA Prius,2010
3853УНО,SUBARU Sambar,1991
4876УНН,ISUZU ELF,2003
2410УНГ,TOYOTA Prius,2007
1635УНГ,HYUNDAI Porter,2002
6865УНА,TOYOTA Prius,2006
0275УНА,TOYOTA Prius,2010
8775УНН,SUBARU IMPREZA,2004
5661УНА,TOYOTA Kluger,2001
3329УНО,VOLVO S 60,2001
1732УНН,NISSAN Terrano,1996
6936УНА,HYUNDAI Grandeur,2004
1284УНА,TOYOTA Prius,2009
7476УНН,MAZDA Demio,2004
2885УНН,HOWO ZZ1257,2014
0169УНО,TOYOTA Prius,2008
0597УНГ,HYUNDAI Accent Verna,2001
1161УНН,TOYOTA Hiace,2001
5748УНН,SUZUKI SWIFT,2002
7509УНН,TOYOTA PREMIO,2005
1072УНО,TOYOTA Prius,1998
9591УНА,NORTHBENZ ND4250,2006
1611УНО,TOYOTA RAV4,2007
4088УНА,TOYOTA Mark II,1999
6673УНА,SSANGYONG Istana,2002
6829УНГ,TOYOTA Harrier,2007
3679УНН,HONDA FIT,2002
5489УНН,TOYOTA Prius,2010
1823УНН,TOYOTA Prius,2009
2626УНА,TOYOTA Platz,2000
6630УНО,TOYOTA Prius,2007
4763УНН,KIA FRONTIER,2000
2693УНА,TOYOTA Mark II,2004
5020УНА,LANDROVER RANGEROVER,2014
7145УНГ,KIA WIDEBONGO,1995
6293УНГ,TOYOTA Prius,1998
1599УНН,TOYOTA Carina,1998
3996УНН,TOYOTA Mark X,2005
8569УНА,TOYOTA Prius,1998
7727УНН,HOWO ZZ1257,2010
0986УНО,NISSAN Atlas,2000
6052УНГ,TOYOTA Camry,2007
4582УНН,TOYOTA Corolla Axio,2008
2187УНА,TOYOTA Ist,2002
6256УНА,KIA FRONTIER,2002
9504УНГ,TOYOTA Camry,2012
0054УНО,TOYOTA Vanguard,2008
1087УНН,TOYOTA Prius,2004
9671УНА,MITSUBISHI L200,2006
7588УНГ,TOYOTA Land Cruiser 80,1996
6602УНГ,HYUNDAI Mighty,2000
6670УНА,NISSAN X-Trail,2003
3059УНО,ZIL 131,1980
4610УНН,DAEWOO TATA-K4D6F,2011
3837УНО,HYUNDAI Sonata6,2008
4096УНН,TOYOTA Land Cruiser 120 Prado,2004
2306УНГ,TOYOTA Prius,1999
1660УНН,SUBARU IMPREZA,2001
8119УНГ,TOYOTA Crown,2004
9642УНН,BEIBEN ND4251,2010
4937УНГ,TOYOTA Prius,2004
4044УНН,HYUNDAI Sonata5,2006
7800УНН,MITSUBISHI Delica Spacegear,2002
